"Product variant SKU","Month","Net items sold","Net sales"
"farmbot-express-v1-0","2016-01-01",0,0
"farmbot-express-v1-1","2016-01-01",0,0
"farmbot-express-xl-v1-0","2016-01-01",0,0
"farmbot-express-xl-v1-1","2016-01-01",0,0
"farmbot-genesis-v1-2","2016-01-01",0,0
"farmbot-genesis-v1-3","2016-01-01",0,0
"farmbot-genesis-v1-4","2016-01-01",0,0
"farmbot-genesis-v1-5","2016-01-01",0,0
"farmbot-genesis-v1-6","2016-01-01",0,0
"farmbot-genesis-v1-7","2016-01-01",0,0
"farmbot-genesis-v1-8","2016-01-01",0,0
"farmbot-genesis-xl-v1-4","2016-01-01",0,0
"farmbot-genesis-xl-v1-5","2016-01-01",0,0
"farmbot-genesis-xl-v1-6","2016-01-01",0,0
"farmbot-genesis-xl-v1-7","2016-01-01",0,0
"farmbot-genesis-xl-v1-8","2016-01-01",0,0
,"2016-01-01",0,0
"farmbot-express-v1-0","2016-02-01",0,0
"farmbot-express-v1-1","2016-02-01",0,0
"farmbot-express-xl-v1-0","2016-02-01",0,0
"farmbot-express-xl-v1-1","2016-02-01",0,0
"farmbot-genesis-v1-2","2016-02-01",0,0
"farmbot-genesis-v1-3","2016-02-01",0,0
"farmbot-genesis-v1-4","2016-02-01",0,0
"farmbot-genesis-v1-5","2016-02-01",0,0
"farmbot-genesis-v1-6","2016-02-01",0,0
"farmbot-genesis-v1-7","2016-02-01",0,0
"farmbot-genesis-v1-8","2016-02-01",0,0
"farmbot-genesis-xl-v1-4","2016-02-01",0,0
"farmbot-genesis-xl-v1-5","2016-02-01",0,0
"farmbot-genesis-xl-v1-6","2016-02-01",0,0
"farmbot-genesis-xl-v1-7","2016-02-01",0,0
"farmbot-genesis-xl-v1-8","2016-02-01",0,0
,"2016-02-01",0,0
"farmbot-express-v1-0","2016-03-01",0,0
"farmbot-express-v1-1","2016-03-01",0,0
"farmbot-express-xl-v1-0","2016-03-01",0,0
"farmbot-express-xl-v1-1","2016-03-01",0,0
"farmbot-genesis-v1-2","2016-03-01",0,0
"farmbot-genesis-v1-3","2016-03-01",0,0
"farmbot-genesis-v1-4","2016-03-01",0,0
"farmbot-genesis-v1-5","2016-03-01",0,0
"farmbot-genesis-v1-6","2016-03-01",0,0
"farmbot-genesis-v1-7","2016-03-01",0,0
"farmbot-genesis-v1-8","2016-03-01",0,0
"farmbot-genesis-xl-v1-4","2016-03-01",0,0
"farmbot-genesis-xl-v1-5","2016-03-01",0,0
"farmbot-genesis-xl-v1-6","2016-03-01",0,0
"farmbot-genesis-xl-v1-7","2016-03-01",0,0
"farmbot-genesis-xl-v1-8","2016-03-01",0,0
,"2016-03-01",0,0
"farmbot-express-v1-0","2016-04-01",0,0
"farmbot-express-v1-1","2016-04-01",0,0
"farmbot-express-xl-v1-0","2016-04-01",0,0
"farmbot-express-xl-v1-1","2016-04-01",0,0
"farmbot-genesis-v1-2","2016-04-01",0,0
"farmbot-genesis-v1-3","2016-04-01",0,0
"farmbot-genesis-v1-4","2016-04-01",0,0
"farmbot-genesis-v1-5","2016-04-01",0,0
"farmbot-genesis-v1-6","2016-04-01",0,0
"farmbot-genesis-v1-7","2016-04-01",0,0
"farmbot-genesis-v1-8","2016-04-01",0,0
"farmbot-genesis-xl-v1-4","2016-04-01",0,0
"farmbot-genesis-xl-v1-5","2016-04-01",0,0
"farmbot-genesis-xl-v1-6","2016-04-01",0,0
"farmbot-genesis-xl-v1-7","2016-04-01",0,0
"farmbot-genesis-xl-v1-8","2016-04-01",0,0
,"2016-04-01",0,0
"farmbot-express-v1-0","2016-05-01",0,0
"farmbot-express-v1-1","2016-05-01",0,0
"farmbot-express-xl-v1-0","2016-05-01",0,0
"farmbot-express-xl-v1-1","2016-05-01",0,0
"farmbot-genesis-v1-2","2016-05-01",0,0
"farmbot-genesis-v1-3","2016-05-01",0,0
"farmbot-genesis-v1-4","2016-05-01",0,0
"farmbot-genesis-v1-5","2016-05-01",0,0
"farmbot-genesis-v1-6","2016-05-01",0,0
"farmbot-genesis-v1-7","2016-05-01",0,0
"farmbot-genesis-v1-8","2016-05-01",0,0
"farmbot-genesis-xl-v1-4","2016-05-01",0,0
"farmbot-genesis-xl-v1-5","2016-05-01",0,0
"farmbot-genesis-xl-v1-6","2016-05-01",0,0
"farmbot-genesis-xl-v1-7","2016-05-01",0,0
"farmbot-genesis-xl-v1-8","2016-05-01",0,0
,"2016-05-01",0,0
"farmbot-express-v1-0","2016-06-01",0,0
"farmbot-express-v1-1","2016-06-01",0,0
"farmbot-express-xl-v1-0","2016-06-01",0,0
"farmbot-express-xl-v1-1","2016-06-01",0,0
"farmbot-genesis-v1-2","2016-06-01",1,2900
"farmbot-genesis-v1-3","2016-06-01",0,0
"farmbot-genesis-v1-4","2016-06-01",0,0
"farmbot-genesis-v1-5","2016-06-01",0,0
"farmbot-genesis-v1-6","2016-06-01",0,0
"farmbot-genesis-v1-7","2016-06-01",0,0
"farmbot-genesis-v1-8","2016-06-01",0,0
"farmbot-genesis-xl-v1-4","2016-06-01",0,0
"farmbot-genesis-xl-v1-5","2016-06-01",0,0
"farmbot-genesis-xl-v1-6","2016-06-01",0,0
"farmbot-genesis-xl-v1-7","2016-06-01",0,0
"farmbot-genesis-xl-v1-8","2016-06-01",0,0
,"2016-06-01",0,0
"farmbot-express-v1-0","2016-07-01",0,0
"farmbot-express-v1-1","2016-07-01",0,0
"farmbot-express-xl-v1-0","2016-07-01",0,0
"farmbot-express-xl-v1-1","2016-07-01",0,0
"farmbot-genesis-v1-2","2016-07-01",236,681320
"farmbot-genesis-v1-3","2016-07-01",0,0
"farmbot-genesis-v1-4","2016-07-01",0,0
"farmbot-genesis-v1-5","2016-07-01",0,0
"farmbot-genesis-v1-6","2016-07-01",0,0
"farmbot-genesis-v1-7","2016-07-01",0,0
"farmbot-genesis-v1-8","2016-07-01",0,0
"farmbot-genesis-xl-v1-4","2016-07-01",0,0
"farmbot-genesis-xl-v1-5","2016-07-01",0,0
"farmbot-genesis-xl-v1-6","2016-07-01",0,0
"farmbot-genesis-xl-v1-7","2016-07-01",0,0
"farmbot-genesis-xl-v1-8","2016-07-01",0,0
,"2016-07-01",0,0
"farmbot-express-v1-0","2016-08-01",0,0
"farmbot-express-v1-1","2016-08-01",0,0
"farmbot-express-xl-v1-0","2016-08-01",0,0
"farmbot-express-xl-v1-1","2016-08-01",0,0
"farmbot-genesis-v1-2","2016-08-01",47,144280
"farmbot-genesis-v1-3","2016-08-01",0,0
"farmbot-genesis-v1-4","2016-08-01",0,0
"farmbot-genesis-v1-5","2016-08-01",0,0
"farmbot-genesis-v1-6","2016-08-01",0,0
"farmbot-genesis-v1-7","2016-08-01",0,0
"farmbot-genesis-v1-8","2016-08-01",0,0
"farmbot-genesis-xl-v1-4","2016-08-01",0,0
"farmbot-genesis-xl-v1-5","2016-08-01",0,0
"farmbot-genesis-xl-v1-6","2016-08-01",0,0
"farmbot-genesis-xl-v1-7","2016-08-01",0,0
"farmbot-genesis-xl-v1-8","2016-08-01",0,0
,"2016-08-01",0,0
"farmbot-express-v1-0","2016-09-01",0,0
"farmbot-express-v1-1","2016-09-01",0,0
"farmbot-express-xl-v1-0","2016-09-01",0,0
"farmbot-express-xl-v1-1","2016-09-01",0,0
"farmbot-genesis-v1-2","2016-09-01",12,37200
"farmbot-genesis-v1-3","2016-09-01",0,0
"farmbot-genesis-v1-4","2016-09-01",0,0
"farmbot-genesis-v1-5","2016-09-01",0,0
"farmbot-genesis-v1-6","2016-09-01",0,0
"farmbot-genesis-v1-7","2016-09-01",0,0
"farmbot-genesis-v1-8","2016-09-01",0,0
"farmbot-genesis-xl-v1-4","2016-09-01",0,0
"farmbot-genesis-xl-v1-5","2016-09-01",0,0
"farmbot-genesis-xl-v1-6","2016-09-01",0,0
"farmbot-genesis-xl-v1-7","2016-09-01",0,0
"farmbot-genesis-xl-v1-8","2016-09-01",0,0
,"2016-09-01",0,0
"farmbot-express-v1-0","2016-10-01",0,0
"farmbot-express-v1-1","2016-10-01",0,0
"farmbot-express-xl-v1-0","2016-10-01",0,0
"farmbot-express-xl-v1-1","2016-10-01",0,0
"farmbot-genesis-v1-2","2016-10-01",9,27900
"farmbot-genesis-v1-3","2016-10-01",0,0
"farmbot-genesis-v1-4","2016-10-01",0,0
"farmbot-genesis-v1-5","2016-10-01",0,0
"farmbot-genesis-v1-6","2016-10-01",0,0
"farmbot-genesis-v1-7","2016-10-01",0,0
"farmbot-genesis-v1-8","2016-10-01",0,0
"farmbot-genesis-xl-v1-4","2016-10-01",0,0
"farmbot-genesis-xl-v1-5","2016-10-01",0,0
"farmbot-genesis-xl-v1-6","2016-10-01",0,0
"farmbot-genesis-xl-v1-7","2016-10-01",0,0
"farmbot-genesis-xl-v1-8","2016-10-01",0,0
,"2016-10-01",0,0
"farmbot-express-v1-0","2016-11-01",0,0
"farmbot-express-v1-1","2016-11-01",0,0
"farmbot-express-xl-v1-0","2016-11-01",0,0
"farmbot-express-xl-v1-1","2016-11-01",0,0
"farmbot-genesis-v1-2","2016-11-01",6,18600
"farmbot-genesis-v1-3","2016-11-01",0,0
"farmbot-genesis-v1-4","2016-11-01",0,0
"farmbot-genesis-v1-5","2016-11-01",0,0
"farmbot-genesis-v1-6","2016-11-01",0,0
"farmbot-genesis-v1-7","2016-11-01",0,0
"farmbot-genesis-v1-8","2016-11-01",0,0
"farmbot-genesis-xl-v1-4","2016-11-01",0,0
"farmbot-genesis-xl-v1-5","2016-11-01",0,0
"farmbot-genesis-xl-v1-6","2016-11-01",0,0
"farmbot-genesis-xl-v1-7","2016-11-01",0,0
"farmbot-genesis-xl-v1-8","2016-11-01",0,0
,"2016-11-01",0,0
"farmbot-express-v1-0","2016-12-01",0,0
"farmbot-express-v1-1","2016-12-01",0,0
"farmbot-express-xl-v1-0","2016-12-01",0,0
"farmbot-express-xl-v1-1","2016-12-01",0,0
"farmbot-genesis-v1-2","2016-12-01",18,55800
"farmbot-genesis-v1-3","2016-12-01",0,0
"farmbot-genesis-v1-4","2016-12-01",0,0
"farmbot-genesis-v1-5","2016-12-01",0,0
"farmbot-genesis-v1-6","2016-12-01",0,0
"farmbot-genesis-v1-7","2016-12-01",0,0
"farmbot-genesis-v1-8","2016-12-01",0,0
"farmbot-genesis-xl-v1-4","2016-12-01",0,0
"farmbot-genesis-xl-v1-5","2016-12-01",0,0
"farmbot-genesis-xl-v1-6","2016-12-01",0,0
"farmbot-genesis-xl-v1-7","2016-12-01",0,0
"farmbot-genesis-xl-v1-8","2016-12-01",0,0
,"2016-12-01",0,0
"farmbot-express-v1-0","2017-01-01",0,0
"farmbot-express-v1-1","2017-01-01",0,0
"farmbot-express-xl-v1-0","2017-01-01",0,0
"farmbot-express-xl-v1-1","2017-01-01",0,0
"farmbot-genesis-v1-2","2017-01-01",14,29300
"farmbot-genesis-v1-3","2017-01-01",12,37200
"farmbot-genesis-v1-4","2017-01-01",0,0
"farmbot-genesis-v1-5","2017-01-01",0,0
"farmbot-genesis-v1-6","2017-01-01",0,0
"farmbot-genesis-v1-7","2017-01-01",0,0
"farmbot-genesis-v1-8","2017-01-01",0,0
"farmbot-genesis-xl-v1-4","2017-01-01",0,0
"farmbot-genesis-xl-v1-5","2017-01-01",0,0
"farmbot-genesis-xl-v1-6","2017-01-01",0,0
"farmbot-genesis-xl-v1-7","2017-01-01",0,0
"farmbot-genesis-xl-v1-8","2017-01-01",0,0
,"2017-01-01",0,0
"farmbot-express-v1-0","2017-02-01",0,0
"farmbot-express-v1-1","2017-02-01",0,0
"farmbot-express-xl-v1-0","2017-02-01",0,0
"farmbot-express-xl-v1-1","2017-02-01",0,0
"farmbot-genesis-v1-2","2017-02-01",0,0
"farmbot-genesis-v1-3","2017-02-01",15,46500
"farmbot-genesis-v1-4","2017-02-01",0,0
"farmbot-genesis-v1-5","2017-02-01",0,0
"farmbot-genesis-v1-6","2017-02-01",0,0
"farmbot-genesis-v1-7","2017-02-01",0,0
"farmbot-genesis-v1-8","2017-02-01",0,0
"farmbot-genesis-xl-v1-4","2017-02-01",0,0
"farmbot-genesis-xl-v1-5","2017-02-01",0,0
"farmbot-genesis-xl-v1-6","2017-02-01",0,0
"farmbot-genesis-xl-v1-7","2017-02-01",0,0
"farmbot-genesis-xl-v1-8","2017-02-01",0,0
,"2017-02-01",0,0
"farmbot-express-v1-0","2017-03-01",0,0
"farmbot-express-v1-1","2017-03-01",0,0
"farmbot-express-xl-v1-0","2017-03-01",0,0
"farmbot-express-xl-v1-1","2017-03-01",0,0
"farmbot-genesis-v1-2","2017-03-01",0,0
"farmbot-genesis-v1-3","2017-03-01",14,41900
"farmbot-genesis-v1-4","2017-03-01",0,0
"farmbot-genesis-v1-5","2017-03-01",0,0
"farmbot-genesis-v1-6","2017-03-01",0,0
"farmbot-genesis-v1-7","2017-03-01",0,0
"farmbot-genesis-v1-8","2017-03-01",0,0
"farmbot-genesis-xl-v1-4","2017-03-01",0,0
"farmbot-genesis-xl-v1-5","2017-03-01",0,0
"farmbot-genesis-xl-v1-6","2017-03-01",0,0
"farmbot-genesis-xl-v1-7","2017-03-01",0,0
"farmbot-genesis-xl-v1-8","2017-03-01",0,0
,"2017-03-01",0,0
"farmbot-express-v1-0","2017-04-01",0,0
"farmbot-express-v1-1","2017-04-01",0,0
"farmbot-express-xl-v1-0","2017-04-01",0,0
"farmbot-express-xl-v1-1","2017-04-01",0,0
"farmbot-genesis-v1-2","2017-04-01",1,2080
"farmbot-genesis-v1-3","2017-04-01",21,54600
"farmbot-genesis-v1-4","2017-04-01",0,0
"farmbot-genesis-v1-5","2017-04-01",0,0
"farmbot-genesis-v1-6","2017-04-01",0,0
"farmbot-genesis-v1-7","2017-04-01",0,0
"farmbot-genesis-v1-8","2017-04-01",0,0
"farmbot-genesis-xl-v1-4","2017-04-01",0,0
"farmbot-genesis-xl-v1-5","2017-04-01",0,0
"farmbot-genesis-xl-v1-6","2017-04-01",0,0
"farmbot-genesis-xl-v1-7","2017-04-01",0,0
"farmbot-genesis-xl-v1-8","2017-04-01",0,0
,"2017-04-01",0,0
"farmbot-express-v1-0","2017-05-01",0,0
"farmbot-express-v1-1","2017-05-01",0,0
"farmbot-express-xl-v1-0","2017-05-01",0,0
"farmbot-express-xl-v1-1","2017-05-01",0,0
"farmbot-genesis-v1-2","2017-05-01",1,2600
"farmbot-genesis-v1-3","2017-05-01",27,70125
"farmbot-genesis-v1-4","2017-05-01",0,0
"farmbot-genesis-v1-5","2017-05-01",0,0
"farmbot-genesis-v1-6","2017-05-01",0,0
"farmbot-genesis-v1-7","2017-05-01",0,0
"farmbot-genesis-v1-8","2017-05-01",0,0
"farmbot-genesis-xl-v1-4","2017-05-01",0,0
"farmbot-genesis-xl-v1-5","2017-05-01",0,0
"farmbot-genesis-xl-v1-6","2017-05-01",0,0
"farmbot-genesis-xl-v1-7","2017-05-01",0,0
"farmbot-genesis-xl-v1-8","2017-05-01",0,0
,"2017-05-01",0,0
"farmbot-express-v1-0","2017-06-01",0,0
"farmbot-express-v1-1","2017-06-01",0,0
"farmbot-express-xl-v1-0","2017-06-01",0,0
"farmbot-express-xl-v1-1","2017-06-01",0,0
"farmbot-genesis-v1-2","2017-06-01",0,0
"farmbot-genesis-v1-3","2017-06-01",22,57095
"farmbot-genesis-v1-4","2017-06-01",0,0
"farmbot-genesis-v1-5","2017-06-01",0,0
"farmbot-genesis-v1-6","2017-06-01",0,0
"farmbot-genesis-v1-7","2017-06-01",0,0
"farmbot-genesis-v1-8","2017-06-01",0,0
"farmbot-genesis-xl-v1-4","2017-06-01",0,0
"farmbot-genesis-xl-v1-5","2017-06-01",0,0
"farmbot-genesis-xl-v1-6","2017-06-01",0,0
"farmbot-genesis-xl-v1-7","2017-06-01",0,0
"farmbot-genesis-xl-v1-8","2017-06-01",0,0
,"2017-06-01",0,0
"farmbot-express-v1-0","2017-07-01",0,0
"farmbot-express-v1-1","2017-07-01",0,0
"farmbot-express-xl-v1-0","2017-07-01",0,0
"farmbot-express-xl-v1-1","2017-07-01",0,0
"farmbot-genesis-v1-2","2017-07-01",0,0
"farmbot-genesis-v1-3","2017-07-01",21,54495
"farmbot-genesis-v1-4","2017-07-01",0,0
"farmbot-genesis-v1-5","2017-07-01",0,0
"farmbot-genesis-v1-6","2017-07-01",0,0
"farmbot-genesis-v1-7","2017-07-01",0,0
"farmbot-genesis-v1-8","2017-07-01",0,0
"farmbot-genesis-xl-v1-4","2017-07-01",0,0
"farmbot-genesis-xl-v1-5","2017-07-01",0,0
"farmbot-genesis-xl-v1-6","2017-07-01",0,0
"farmbot-genesis-xl-v1-7","2017-07-01",0,0
"farmbot-genesis-xl-v1-8","2017-07-01",0,0
,"2017-07-01",0,0
"farmbot-express-v1-0","2017-08-01",0,0
"farmbot-express-v1-1","2017-08-01",0,0
"farmbot-express-xl-v1-0","2017-08-01",0,0
"farmbot-express-xl-v1-1","2017-08-01",0,0
"farmbot-genesis-v1-2","2017-08-01",0,0
"farmbot-genesis-v1-3","2017-08-01",27,69420
"farmbot-genesis-v1-4","2017-08-01",0,0
"farmbot-genesis-v1-5","2017-08-01",0,0
"farmbot-genesis-v1-6","2017-08-01",0,0
"farmbot-genesis-v1-7","2017-08-01",0,0
"farmbot-genesis-v1-8","2017-08-01",0,0
"farmbot-genesis-xl-v1-4","2017-08-01",0,0
"farmbot-genesis-xl-v1-5","2017-08-01",0,0
"farmbot-genesis-xl-v1-6","2017-08-01",0,0
"farmbot-genesis-xl-v1-7","2017-08-01",0,0
"farmbot-genesis-xl-v1-8","2017-08-01",0,0
,"2017-08-01",0,0
"farmbot-express-v1-0","2017-09-01",0,0
"farmbot-express-v1-1","2017-09-01",0,0
"farmbot-express-xl-v1-0","2017-09-01",0,0
"farmbot-express-xl-v1-1","2017-09-01",0,0
"farmbot-genesis-v1-2","2017-09-01",0,0
"farmbot-genesis-v1-3","2017-09-01",21,53495
"farmbot-genesis-v1-4","2017-09-01",0,0
"farmbot-genesis-v1-5","2017-09-01",0,0
"farmbot-genesis-v1-6","2017-09-01",0,0
"farmbot-genesis-v1-7","2017-09-01",0,0
"farmbot-genesis-v1-8","2017-09-01",0,0
"farmbot-genesis-xl-v1-4","2017-09-01",0,0
"farmbot-genesis-xl-v1-5","2017-09-01",0,0
"farmbot-genesis-xl-v1-6","2017-09-01",0,0
"farmbot-genesis-xl-v1-7","2017-09-01",0,0
"farmbot-genesis-xl-v1-8","2017-09-01",0,0
,"2017-09-01",0,0
"farmbot-express-v1-0","2017-10-01",0,0
"farmbot-express-v1-1","2017-10-01",0,0
"farmbot-express-xl-v1-0","2017-10-01",0,0
"farmbot-express-xl-v1-1","2017-10-01",0,0
"farmbot-genesis-v1-2","2017-10-01",0,0
"farmbot-genesis-v1-3","2017-10-01",29,73810
"farmbot-genesis-v1-4","2017-10-01",0,0
"farmbot-genesis-v1-5","2017-10-01",0,0
"farmbot-genesis-v1-6","2017-10-01",0,0
"farmbot-genesis-v1-7","2017-10-01",0,0
"farmbot-genesis-v1-8","2017-10-01",0,0
"farmbot-genesis-xl-v1-4","2017-10-01",0,0
"farmbot-genesis-xl-v1-5","2017-10-01",0,0
"farmbot-genesis-xl-v1-6","2017-10-01",0,0
"farmbot-genesis-xl-v1-7","2017-10-01",0,0
"farmbot-genesis-xl-v1-8","2017-10-01",0,0
,"2017-10-01",0,0
"farmbot-express-v1-0","2017-11-01",0,0
"farmbot-express-v1-1","2017-11-01",0,0
"farmbot-express-xl-v1-0","2017-11-01",0,0
"farmbot-express-xl-v1-1","2017-11-01",0,0
"farmbot-genesis-v1-2","2017-11-01",0,0
"farmbot-genesis-v1-3","2017-11-01",19,49305
"farmbot-genesis-v1-4","2017-11-01",0,0
"farmbot-genesis-v1-5","2017-11-01",0,0
"farmbot-genesis-v1-6","2017-11-01",0,0
"farmbot-genesis-v1-7","2017-11-01",0,0
"farmbot-genesis-v1-8","2017-11-01",0,0
"farmbot-genesis-xl-v1-4","2017-11-01",1,3295
"farmbot-genesis-xl-v1-5","2017-11-01",0,0
"farmbot-genesis-xl-v1-6","2017-11-01",0,0
"farmbot-genesis-xl-v1-7","2017-11-01",0,0
"farmbot-genesis-xl-v1-8","2017-11-01",0,0
,"2017-11-01",0,0
"farmbot-express-v1-0","2017-12-01",0,0
"farmbot-express-v1-1","2017-12-01",0,0
"farmbot-express-xl-v1-0","2017-12-01",0,0
"farmbot-express-xl-v1-1","2017-12-01",0,0
"farmbot-genesis-v1-2","2017-12-01",0,0
"farmbot-genesis-v1-3","2017-12-01",10,24750
"farmbot-genesis-v1-4","2017-12-01",9,21555
"farmbot-genesis-v1-5","2017-12-01",0,0
"farmbot-genesis-v1-6","2017-12-01",0,0
"farmbot-genesis-v1-7","2017-12-01",0,0
"farmbot-genesis-v1-8","2017-12-01",0,0
"farmbot-genesis-xl-v1-4","2017-12-01",42,138190
"farmbot-genesis-xl-v1-5","2017-12-01",0,0
"farmbot-genesis-xl-v1-6","2017-12-01",0,0
"farmbot-genesis-xl-v1-7","2017-12-01",0,0
"farmbot-genesis-xl-v1-8","2017-12-01",0,0
,"2017-12-01",0,0
"farmbot-express-v1-0","2018-01-01",0,0
"farmbot-express-v1-1","2018-01-01",0,0
"farmbot-express-xl-v1-0","2018-01-01",0,0
"farmbot-express-xl-v1-1","2018-01-01",0,0
"farmbot-genesis-v1-2","2018-01-01",0,0
"farmbot-genesis-v1-3","2018-01-01",14,34835
"farmbot-genesis-v1-4","2018-01-01",9,22455
"farmbot-genesis-v1-5","2018-01-01",0,0
"farmbot-genesis-v1-6","2018-01-01",0,0
"farmbot-genesis-v1-7","2018-01-01",0,0
"farmbot-genesis-v1-8","2018-01-01",0,0
"farmbot-genesis-xl-v1-4","2018-01-01",13,45235
"farmbot-genesis-xl-v1-5","2018-01-01",0,0
"farmbot-genesis-xl-v1-6","2018-01-01",0,0
"farmbot-genesis-xl-v1-7","2018-01-01",0,0
"farmbot-genesis-xl-v1-8","2018-01-01",0,0
,"2018-01-01",0,0
"farmbot-express-v1-0","2018-02-01",0,0
"farmbot-express-v1-1","2018-02-01",0,0
"farmbot-express-xl-v1-0","2018-02-01",0,0
"farmbot-express-xl-v1-1","2018-02-01",0,0
"farmbot-genesis-v1-2","2018-02-01",0,0
"farmbot-genesis-v1-3","2018-02-01",18,44810
"farmbot-genesis-v1-4","2018-02-01",10,24950
"farmbot-genesis-v1-5","2018-02-01",0,0
"farmbot-genesis-v1-6","2018-02-01",0,0
"farmbot-genesis-v1-7","2018-02-01",0,0
"farmbot-genesis-v1-8","2018-02-01",0,0
"farmbot-genesis-xl-v1-4","2018-02-01",12,43140
"farmbot-genesis-xl-v1-5","2018-02-01",0,0
"farmbot-genesis-xl-v1-6","2018-02-01",0,0
"farmbot-genesis-xl-v1-7","2018-02-01",0,0
"farmbot-genesis-xl-v1-8","2018-02-01",0,0
,"2018-02-01",0,0
"farmbot-express-v1-0","2018-03-01",0,0
"farmbot-express-v1-1","2018-03-01",0,0
"farmbot-express-xl-v1-0","2018-03-01",0,0
"farmbot-express-xl-v1-1","2018-03-01",0,0
"farmbot-genesis-v1-2","2018-03-01",0,0
"farmbot-genesis-v1-3","2018-03-01",7,17465
"farmbot-genesis-v1-4","2018-03-01",13,31436
"farmbot-genesis-v1-5","2018-03-01",0,0
"farmbot-genesis-v1-6","2018-03-01",0,0
"farmbot-genesis-v1-7","2018-03-01",0,0
"farmbot-genesis-v1-8","2018-03-01",0,0
"farmbot-genesis-xl-v1-4","2018-03-01",12,43340
"farmbot-genesis-xl-v1-5","2018-03-01",0,0
"farmbot-genesis-xl-v1-6","2018-03-01",0,0
"farmbot-genesis-xl-v1-7","2018-03-01",0,0
"farmbot-genesis-xl-v1-8","2018-03-01",0,0
,"2018-03-01",0,0
"farmbot-express-v1-0","2018-04-01",0,0
"farmbot-express-v1-1","2018-04-01",0,0
"farmbot-express-xl-v1-0","2018-04-01",0,0
"farmbot-express-xl-v1-1","2018-04-01",0,0
"farmbot-genesis-v1-2","2018-04-01",0,0
"farmbot-genesis-v1-3","2018-04-01",7,17465
"farmbot-genesis-v1-4","2018-04-01",11,27445
"farmbot-genesis-v1-5","2018-04-01",0,0
"farmbot-genesis-v1-6","2018-04-01",0,0
"farmbot-genesis-v1-7","2018-04-01",0,0
"farmbot-genesis-v1-8","2018-04-01",0,0
"farmbot-genesis-xl-v1-4","2018-04-01",11,41545
"farmbot-genesis-xl-v1-5","2018-04-01",0,0
"farmbot-genesis-xl-v1-6","2018-04-01",0,0
"farmbot-genesis-xl-v1-7","2018-04-01",0,0
"farmbot-genesis-xl-v1-8","2018-04-01",0,0
,"2018-04-01",0,0
"farmbot-express-v1-0","2018-05-01",0,0
"farmbot-express-v1-1","2018-05-01",0,0
"farmbot-express-xl-v1-0","2018-05-01",0,0
"farmbot-express-xl-v1-1","2018-05-01",0,0
"farmbot-genesis-v1-2","2018-05-01",0,0
"farmbot-genesis-v1-3","2018-05-01",2,4990
"farmbot-genesis-v1-4","2018-05-01",12,30940
"farmbot-genesis-v1-5","2018-05-01",0,0
"farmbot-genesis-v1-6","2018-05-01",0,0
"farmbot-genesis-v1-7","2018-05-01",0,0
"farmbot-genesis-v1-8","2018-05-01",0,0
"farmbot-genesis-xl-v1-4","2018-05-01",14,52730
"farmbot-genesis-xl-v1-5","2018-05-01",0,0
"farmbot-genesis-xl-v1-6","2018-05-01",0,0
"farmbot-genesis-xl-v1-7","2018-05-01",0,0
"farmbot-genesis-xl-v1-8","2018-05-01",0,0
,"2018-05-01",0,0
"farmbot-express-v1-0","2018-06-01",0,0
"farmbot-express-v1-1","2018-06-01",0,0
"farmbot-express-xl-v1-0","2018-06-01",0,0
"farmbot-express-xl-v1-1","2018-06-01",0,0
"farmbot-genesis-v1-2","2018-06-01",0,0
"farmbot-genesis-v1-3","2018-06-01",0,0
"farmbot-genesis-v1-4","2018-06-01",8,20760
"farmbot-genesis-v1-5","2018-06-01",0,0
"farmbot-genesis-v1-6","2018-06-01",0,0
"farmbot-genesis-v1-7","2018-06-01",0,0
"farmbot-genesis-v1-8","2018-06-01",0,0
"farmbot-genesis-xl-v1-4","2018-06-01",8,30360
"farmbot-genesis-xl-v1-5","2018-06-01",0,0
"farmbot-genesis-xl-v1-6","2018-06-01",0,0
"farmbot-genesis-xl-v1-7","2018-06-01",0,0
"farmbot-genesis-xl-v1-8","2018-06-01",0,0
,"2018-06-01",0,0
"farmbot-express-v1-0","2018-07-01",0,0
"farmbot-express-v1-1","2018-07-01",0,0
"farmbot-express-xl-v1-0","2018-07-01",0,0
"farmbot-express-xl-v1-1","2018-07-01",0,0
"farmbot-genesis-v1-2","2018-07-01",0,0
"farmbot-genesis-v1-3","2018-07-01",0,0
"farmbot-genesis-v1-4","2018-07-01",6,15570
"farmbot-genesis-v1-5","2018-07-01",0,0
"farmbot-genesis-v1-6","2018-07-01",0,0
"farmbot-genesis-v1-7","2018-07-01",0,0
"farmbot-genesis-v1-8","2018-07-01",0,0
"farmbot-genesis-xl-v1-4","2018-07-01",10,37950
"farmbot-genesis-xl-v1-5","2018-07-01",0,0
"farmbot-genesis-xl-v1-6","2018-07-01",0,0
"farmbot-genesis-xl-v1-7","2018-07-01",0,0
"farmbot-genesis-xl-v1-8","2018-07-01",0,0
,"2018-07-01",0,0
"farmbot-express-v1-0","2018-08-01",0,0
"farmbot-express-v1-1","2018-08-01",0,0
"farmbot-express-xl-v1-0","2018-08-01",0,0
"farmbot-express-xl-v1-1","2018-08-01",0,0
"farmbot-genesis-v1-2","2018-08-01",0,0
"farmbot-genesis-v1-3","2018-08-01",0,0
"farmbot-genesis-v1-4","2018-08-01",14,36330
"farmbot-genesis-v1-5","2018-08-01",0,0
"farmbot-genesis-v1-6","2018-08-01",0,0
"farmbot-genesis-v1-7","2018-08-01",0,0
"farmbot-genesis-v1-8","2018-08-01",0,0
"farmbot-genesis-xl-v1-4","2018-08-01",12,45360.5
"farmbot-genesis-xl-v1-5","2018-08-01",0,0
"farmbot-genesis-xl-v1-6","2018-08-01",0,0
"farmbot-genesis-xl-v1-7","2018-08-01",0,0
"farmbot-genesis-xl-v1-8","2018-08-01",0,0
,"2018-08-01",0,0
"farmbot-express-v1-0","2018-09-01",0,0
"farmbot-express-v1-1","2018-09-01",0,0
"farmbot-express-xl-v1-0","2018-09-01",0,0
"farmbot-express-xl-v1-1","2018-09-01",0,0
"farmbot-genesis-v1-2","2018-09-01",-2,-6200
"farmbot-genesis-v1-3","2018-09-01",0,0
"farmbot-genesis-v1-4","2018-09-01",19,45799.15
"farmbot-genesis-v1-5","2018-09-01",0,0
"farmbot-genesis-v1-6","2018-09-01",0,0
"farmbot-genesis-v1-7","2018-09-01",0,0
"farmbot-genesis-v1-8","2018-09-01",0,0
"farmbot-genesis-xl-v1-4","2018-09-01",8,28453.85
"farmbot-genesis-xl-v1-5","2018-09-01",0,0
"farmbot-genesis-xl-v1-6","2018-09-01",0,0
"farmbot-genesis-xl-v1-7","2018-09-01",0,0
"farmbot-genesis-xl-v1-8","2018-09-01",0,0
,"2018-09-01",0,0
"farmbot-express-v1-0","2018-10-01",0,0
"farmbot-express-v1-1","2018-10-01",0,0
"farmbot-express-xl-v1-0","2018-10-01",0,0
"farmbot-express-xl-v1-1","2018-10-01",0,0
"farmbot-genesis-v1-2","2018-10-01",0,0
"farmbot-genesis-v1-3","2018-10-01",0,0
"farmbot-genesis-v1-4","2018-10-01",11,25171.5
"farmbot-genesis-v1-5","2018-10-01",0,0
"farmbot-genesis-v1-6","2018-10-01",0,0
"farmbot-genesis-v1-7","2018-10-01",0,0
"farmbot-genesis-v1-8","2018-10-01",0,0
"farmbot-genesis-xl-v1-4","2018-10-01",17,62983.05
"farmbot-genesis-xl-v1-5","2018-10-01",0,0
"farmbot-genesis-xl-v1-6","2018-10-01",0,0
"farmbot-genesis-xl-v1-7","2018-10-01",0,0
"farmbot-genesis-xl-v1-8","2018-10-01",0,0
,"2018-10-01",0,0
"farmbot-express-v1-0","2018-11-01",0,0
"farmbot-express-v1-1","2018-11-01",0,0
"farmbot-express-xl-v1-0","2018-11-01",0,0
"farmbot-express-xl-v1-1","2018-11-01",0,0
"farmbot-genesis-v1-2","2018-11-01",0,0
"farmbot-genesis-v1-3","2018-11-01",0,0
"farmbot-genesis-v1-4","2018-11-01",36,74930.64
"farmbot-genesis-v1-5","2018-11-01",0,0
"farmbot-genesis-v1-6","2018-11-01",0,0
"farmbot-genesis-v1-7","2018-11-01",0,0
"farmbot-genesis-v1-8","2018-11-01",0,0
"farmbot-genesis-xl-v1-4","2018-11-01",10,34411.93
"farmbot-genesis-xl-v1-5","2018-11-01",0,0
"farmbot-genesis-xl-v1-6","2018-11-01",0,0
"farmbot-genesis-xl-v1-7","2018-11-01",0,0
"farmbot-genesis-xl-v1-8","2018-11-01",0,0
,"2018-11-01",0,0
"farmbot-express-v1-0","2018-12-01",0,0
"farmbot-express-v1-1","2018-12-01",0,0
"farmbot-express-xl-v1-0","2018-12-01",0,0
"farmbot-express-xl-v1-1","2018-12-01",0,0
"farmbot-genesis-v1-2","2018-12-01",0,0
"farmbot-genesis-v1-3","2018-12-01",0,0
"farmbot-genesis-v1-4","2018-12-01",22,45631.51
"farmbot-genesis-v1-5","2018-12-01",0,0
"farmbot-genesis-v1-6","2018-12-01",0,0
"farmbot-genesis-v1-7","2018-12-01",0,0
"farmbot-genesis-v1-8","2018-12-01",0,0
"farmbot-genesis-xl-v1-4","2018-12-01",1,3795
"farmbot-genesis-xl-v1-5","2018-12-01",0,0
"farmbot-genesis-xl-v1-6","2018-12-01",0,0
"farmbot-genesis-xl-v1-7","2018-12-01",0,0
"farmbot-genesis-xl-v1-8","2018-12-01",0,0
,"2018-12-01",0,0
"farmbot-express-v1-0","2019-01-01",0,0
"farmbot-express-v1-1","2019-01-01",0,0
"farmbot-express-xl-v1-0","2019-01-01",0,0
"farmbot-express-xl-v1-1","2019-01-01",0,0
"farmbot-genesis-v1-2","2019-01-01",0,0
"farmbot-genesis-v1-3","2019-01-01",0,0
"farmbot-genesis-v1-4","2019-01-01",7,16466
"farmbot-genesis-v1-5","2019-01-01",0,0
"farmbot-genesis-v1-6","2019-01-01",0,0
"farmbot-genesis-v1-7","2019-01-01",0,0
"farmbot-genesis-v1-8","2019-01-01",0,0
"farmbot-genesis-xl-v1-4","2019-01-01",12,40803.5
"farmbot-genesis-xl-v1-5","2019-01-01",0,0
"farmbot-genesis-xl-v1-6","2019-01-01",0,0
"farmbot-genesis-xl-v1-7","2019-01-01",0,0
"farmbot-genesis-xl-v1-8","2019-01-01",0,0
,"2019-01-01",0,0
"farmbot-express-v1-0","2019-02-01",0,0
"farmbot-express-v1-1","2019-02-01",0,0
"farmbot-express-xl-v1-0","2019-02-01",0,0
"farmbot-express-xl-v1-1","2019-02-01",0,0
"farmbot-genesis-v1-2","2019-02-01",-1,-3100
"farmbot-genesis-v1-3","2019-02-01",0,0
"farmbot-genesis-v1-4","2019-02-01",9,22286.5
"farmbot-genesis-v1-5","2019-02-01",0,0
"farmbot-genesis-v1-6","2019-02-01",0,0
"farmbot-genesis-v1-7","2019-02-01",0,0
"farmbot-genesis-v1-8","2019-02-01",0,0
"farmbot-genesis-xl-v1-4","2019-02-01",11,39247.5
"farmbot-genesis-xl-v1-5","2019-02-01",0,0
"farmbot-genesis-xl-v1-6","2019-02-01",0,0
"farmbot-genesis-xl-v1-7","2019-02-01",0,0
"farmbot-genesis-xl-v1-8","2019-02-01",0,0
,"2019-02-01",0,0
"farmbot-express-v1-0","2019-03-01",0,0
"farmbot-express-v1-1","2019-03-01",0,0
"farmbot-express-xl-v1-0","2019-03-01",0,0
"farmbot-express-xl-v1-1","2019-03-01",0,0
"farmbot-genesis-v1-2","2019-03-01",0,0
"farmbot-genesis-v1-3","2019-03-01",0,0
"farmbot-genesis-v1-4","2019-03-01",24,60761
"farmbot-genesis-v1-5","2019-03-01",0,0
"farmbot-genesis-v1-6","2019-03-01",0,0
"farmbot-genesis-v1-7","2019-03-01",0,0
"farmbot-genesis-v1-8","2019-03-01",0,0
"farmbot-genesis-xl-v1-4","2019-03-01",3,11746
"farmbot-genesis-xl-v1-5","2019-03-01",4,13381
"farmbot-genesis-xl-v1-6","2019-03-01",0,0
"farmbot-genesis-xl-v1-7","2019-03-01",0,0
"farmbot-genesis-xl-v1-8","2019-03-01",0,0
,"2019-03-01",0,0
"farmbot-express-v1-0","2019-04-01",0,0
"farmbot-express-v1-1","2019-04-01",0,0
"farmbot-express-xl-v1-0","2019-04-01",0,0
"farmbot-express-xl-v1-1","2019-04-01",0,0
"farmbot-genesis-v1-2","2019-04-01",0,0
"farmbot-genesis-v1-3","2019-04-01",0,0
"farmbot-genesis-v1-4","2019-04-01",14,34951.5
"farmbot-genesis-v1-5","2019-04-01",0,0
"farmbot-genesis-v1-6","2019-04-01",0,0
"farmbot-genesis-v1-7","2019-04-01",0,0
"farmbot-genesis-v1-8","2019-04-01",0,0
"farmbot-genesis-xl-v1-4","2019-04-01",2,7590
"farmbot-genesis-xl-v1-5","2019-04-01",3,11385
"farmbot-genesis-xl-v1-6","2019-04-01",0,0
"farmbot-genesis-xl-v1-7","2019-04-01",0,0
"farmbot-genesis-xl-v1-8","2019-04-01",0,0
,"2019-04-01",0,0
"farmbot-express-v1-0","2019-05-01",0,0
"farmbot-express-v1-1","2019-05-01",0,0
"farmbot-express-xl-v1-0","2019-05-01",0,0
"farmbot-express-xl-v1-1","2019-05-01",0,0
"farmbot-genesis-v1-2","2019-05-01",0,0
"farmbot-genesis-v1-3","2019-05-01",0,0
"farmbot-genesis-v1-4","2019-05-01",24,60363.5
"farmbot-genesis-v1-5","2019-05-01",1,2595
"farmbot-genesis-v1-6","2019-05-01",0,0
"farmbot-genesis-v1-7","2019-05-01",0,0
"farmbot-genesis-v1-8","2019-05-01",0,0
"farmbot-genesis-xl-v1-4","2019-05-01",0,0
"farmbot-genesis-xl-v1-5","2019-05-01",3,11585.5
"farmbot-genesis-xl-v1-6","2019-05-01",0,0
"farmbot-genesis-xl-v1-7","2019-05-01",0,0
"farmbot-genesis-xl-v1-8","2019-05-01",0,0
,"2019-05-01",0,0
"farmbot-express-v1-0","2019-06-01",0,0
"farmbot-express-v1-1","2019-06-01",0,0
"farmbot-express-xl-v1-0","2019-06-01",0,0
"farmbot-express-xl-v1-1","2019-06-01",0,0
"farmbot-genesis-v1-2","2019-06-01",0,0
"farmbot-genesis-v1-3","2019-06-01",0,0
"farmbot-genesis-v1-4","2019-06-01",10,23579.18
"farmbot-genesis-v1-5","2019-06-01",0,0
"farmbot-genesis-v1-6","2019-06-01",0,0
"farmbot-genesis-v1-7","2019-06-01",0,0
"farmbot-genesis-v1-8","2019-06-01",0,0
"farmbot-genesis-xl-v1-4","2019-06-01",-3,-11005.5
"farmbot-genesis-xl-v1-5","2019-06-01",5,20075.5
"farmbot-genesis-xl-v1-6","2019-06-01",0,0
"farmbot-genesis-xl-v1-7","2019-06-01",0,0
"farmbot-genesis-xl-v1-8","2019-06-01",0,0
,"2019-06-01",0,0
"farmbot-express-v1-0","2019-07-01",56,82343.25
"farmbot-express-v1-1","2019-07-01",0,0
"farmbot-express-xl-v1-0","2019-07-01",86,169224
"farmbot-express-xl-v1-1","2019-07-01",0,0
"farmbot-genesis-v1-2","2019-07-01",0,0
"farmbot-genesis-v1-3","2019-07-01",0,0
"farmbot-genesis-v1-4","2019-07-01",15,38146.5
"farmbot-genesis-v1-5","2019-07-01",0,0
"farmbot-genesis-v1-6","2019-07-01",0,0
"farmbot-genesis-v1-7","2019-07-01",0,0
"farmbot-genesis-v1-8","2019-07-01",0,0
"farmbot-genesis-xl-v1-4","2019-07-01",0,0
"farmbot-genesis-xl-v1-5","2019-07-01",4,16080
"farmbot-genesis-xl-v1-6","2019-07-01",0,0
"farmbot-genesis-xl-v1-7","2019-07-01",0,0
"farmbot-genesis-xl-v1-8","2019-07-01",0,0
,"2019-07-01",0,0
"farmbot-express-v1-0","2019-08-01",-1,-1195
"farmbot-express-v1-1","2019-08-01",0,0
"farmbot-express-xl-v1-0","2019-08-01",-1,-1595.25
"farmbot-express-xl-v1-1","2019-08-01",0,0
"farmbot-genesis-v1-2","2019-08-01",0,0
"farmbot-genesis-v1-3","2019-08-01",0,0
"farmbot-genesis-v1-4","2019-08-01",12,30961.5
"farmbot-genesis-v1-5","2019-08-01",1,2595
"farmbot-genesis-v1-6","2019-08-01",0,0
"farmbot-genesis-v1-7","2019-08-01",0,0
"farmbot-genesis-v1-8","2019-08-01",0,0
"farmbot-genesis-xl-v1-4","2019-08-01",0,0
"farmbot-genesis-xl-v1-5","2019-08-01",2,6991.25
"farmbot-genesis-xl-v1-6","2019-08-01",0,0
"farmbot-genesis-xl-v1-7","2019-08-01",0,0
"farmbot-genesis-xl-v1-8","2019-08-01",0,0
,"2019-08-01",0,0
"farmbot-express-v1-0","2019-09-01",4,6490.25
"farmbot-express-v1-1","2019-09-01",0,0
"farmbot-express-xl-v1-0","2019-09-01",2,4616.25
"farmbot-express-xl-v1-1","2019-09-01",0,0
"farmbot-genesis-v1-2","2019-09-01",0,0
"farmbot-genesis-v1-3","2019-09-01",0,0
"farmbot-genesis-v1-4","2019-09-01",2,4671
"farmbot-genesis-v1-5","2019-09-01",2,4930.5
"farmbot-genesis-v1-6","2019-09-01",0,0
"farmbot-genesis-v1-7","2019-09-01",0,0
"farmbot-genesis-v1-8","2019-09-01",0,0
"farmbot-genesis-xl-v1-4","2019-09-01",0,0
"farmbot-genesis-xl-v1-5","2019-09-01",2,7790.25
"farmbot-genesis-xl-v1-6","2019-09-01",0,0
"farmbot-genesis-xl-v1-7","2019-09-01",0,0
"farmbot-genesis-xl-v1-8","2019-09-01",0,0
,"2019-09-01",0,0
"farmbot-express-v1-0","2019-10-01",7,12565
"farmbot-express-v1-1","2019-10-01",0,0
"farmbot-express-xl-v1-0","2019-10-01",-1,-1695
"farmbot-express-xl-v1-1","2019-10-01",0,0
"farmbot-genesis-v1-2","2019-10-01",0,0
"farmbot-genesis-v1-3","2019-10-01",0,0
"farmbot-genesis-v1-4","2019-10-01",0,0
"farmbot-genesis-v1-5","2019-10-01",11,27507
"farmbot-genesis-v1-6","2019-10-01",0,0
"farmbot-genesis-v1-7","2019-10-01",0,0
"farmbot-genesis-v1-8","2019-10-01",0,0
"farmbot-genesis-xl-v1-4","2019-10-01",0,0
"farmbot-genesis-xl-v1-5","2019-10-01",7,27166.5
"farmbot-genesis-xl-v1-6","2019-10-01",0,0
"farmbot-genesis-xl-v1-7","2019-10-01",0,0
"farmbot-genesis-xl-v1-8","2019-10-01",0,0
,"2019-10-01",0,0
"farmbot-express-v1-0","2019-11-01",4,7975.25
"farmbot-express-v1-1","2019-11-01",0,0
"farmbot-express-xl-v1-0","2019-11-01",-1,-1595.25
"farmbot-express-xl-v1-1","2019-11-01",0,0
"farmbot-genesis-v1-2","2019-11-01",0,0
"farmbot-genesis-v1-3","2019-11-01",0,0
"farmbot-genesis-v1-4","2019-11-01",1,2595
"farmbot-genesis-v1-5","2019-11-01",12,27117.75
"farmbot-genesis-v1-6","2019-11-01",0,0
"farmbot-genesis-v1-7","2019-11-01",0,0
"farmbot-genesis-v1-8","2019-11-01",0,0
"farmbot-genesis-xl-v1-4","2019-11-01",0,0
"farmbot-genesis-xl-v1-5","2019-11-01",15,58526.75
"farmbot-genesis-xl-v1-6","2019-11-01",0,0
"farmbot-genesis-xl-v1-7","2019-11-01",0,0
"farmbot-genesis-xl-v1-8","2019-11-01",0,0
,"2019-11-01",0,0
"farmbot-express-v1-0","2019-12-01",11,19386
"farmbot-express-v1-1","2019-12-01",0,0
"farmbot-express-xl-v1-0","2019-12-01",3,7140.75
"farmbot-express-xl-v1-1","2019-12-01",0,0
"farmbot-genesis-v1-2","2019-12-01",0,0
"farmbot-genesis-v1-3","2019-12-01",0,0
"farmbot-genesis-v1-4","2019-12-01",-3,-6228
"farmbot-genesis-v1-5","2019-12-01",14,35162.25
"farmbot-genesis-v1-6","2019-12-01",0,0
"farmbot-genesis-v1-7","2019-12-01",0,0
"farmbot-genesis-v1-8","2019-12-01",0,0
"farmbot-genesis-xl-v1-4","2019-12-01",0,0
"farmbot-genesis-xl-v1-5","2019-12-01",10,38751.25
"farmbot-genesis-xl-v1-6","2019-12-01",0,0
"farmbot-genesis-xl-v1-7","2019-12-01",0,0
"farmbot-genesis-xl-v1-8","2019-12-01",0,0
,"2019-12-01",0,0
"farmbot-express-v1-0","2020-01-01",4,6885
"farmbot-express-v1-1","2020-01-01",0,0
"farmbot-express-xl-v1-0","2020-01-01",0,640.5
"farmbot-express-xl-v1-1","2020-01-01",0,0
"farmbot-genesis-v1-2","2020-01-01",0,0
"farmbot-genesis-v1-3","2020-01-01",0,0
"farmbot-genesis-v1-4","2020-01-01",0,0
"farmbot-genesis-v1-5","2020-01-01",16,39562.86
"farmbot-genesis-v1-6","2020-01-01",0,0
"farmbot-genesis-v1-7","2020-01-01",0,0
"farmbot-genesis-v1-8","2020-01-01",0,0
"farmbot-genesis-xl-v1-4","2020-01-01",0,0
"farmbot-genesis-xl-v1-5","2020-01-01",5,19975
"farmbot-genesis-xl-v1-6","2020-01-01",0,0
"farmbot-genesis-xl-v1-7","2020-01-01",0,0
"farmbot-genesis-xl-v1-8","2020-01-01",0,0
,"2020-01-01",0,0
"farmbot-express-v1-0","2020-02-01",-10,-16225.75
"farmbot-express-v1-1","2020-02-01",0,0
"farmbot-express-xl-v1-0","2020-02-01",-6,-11311.5
"farmbot-express-xl-v1-1","2020-02-01",0,0
"farmbot-genesis-v1-2","2020-02-01",0,0
"farmbot-genesis-v1-3","2020-02-01",0,0
"farmbot-genesis-v1-4","2020-02-01",0,0
"farmbot-genesis-v1-5","2020-02-01",28,62041.75
"farmbot-genesis-v1-6","2020-02-01",0,0
"farmbot-genesis-v1-7","2020-02-01",0,0
"farmbot-genesis-v1-8","2020-02-01",0,0
"farmbot-genesis-xl-v1-4","2020-02-01",0,0
"farmbot-genesis-xl-v1-5","2020-02-01",10,37251.75
"farmbot-genesis-xl-v1-6","2020-02-01",0,0
"farmbot-genesis-xl-v1-7","2020-02-01",0,0
"farmbot-genesis-xl-v1-8","2020-02-01",0,0
,"2020-02-01",0,0
"farmbot-express-v1-0","2020-03-01",-1,-385.25
"farmbot-express-v1-1","2020-03-01",0,0
"farmbot-express-xl-v1-0","2020-03-01",-11,-20531.25
"farmbot-express-xl-v1-1","2020-03-01",0,0
"farmbot-genesis-v1-2","2020-03-01",0,0
"farmbot-genesis-v1-3","2020-03-01",0,0
"farmbot-genesis-v1-4","2020-03-01",0,0
"farmbot-genesis-v1-5","2020-03-01",33,79634.87
"farmbot-genesis-v1-6","2020-03-01",0,0
"farmbot-genesis-v1-7","2020-03-01",0,0
"farmbot-genesis-v1-8","2020-03-01",0,0
"farmbot-genesis-xl-v1-4","2020-03-01",0,0
"farmbot-genesis-xl-v1-5","2020-03-01",26,94274.75
"farmbot-genesis-xl-v1-6","2020-03-01",0,0
"farmbot-genesis-xl-v1-7","2020-03-01",0,0
"farmbot-genesis-xl-v1-8","2020-03-01",0,0
,"2020-03-01",0,0
"farmbot-express-v1-0","2020-04-01",-1,-1373.75
"farmbot-express-v1-1","2020-04-01",0,0
"farmbot-express-xl-v1-0","2020-04-01",2,5325.25
"farmbot-express-xl-v1-1","2020-04-01",0,0
"farmbot-genesis-v1-2","2020-04-01",0,0
"farmbot-genesis-v1-3","2020-04-01",0,0
"farmbot-genesis-v1-4","2020-04-01",-2,-5190
"farmbot-genesis-v1-5","2020-04-01",10,27593.44
"farmbot-genesis-v1-6","2020-04-01",0,0
"farmbot-genesis-v1-7","2020-04-01",0,0
"farmbot-genesis-v1-8","2020-04-01",0,0
"farmbot-genesis-xl-v1-4","2020-04-01",0,0
"farmbot-genesis-xl-v1-5","2020-04-01",17,70936.25
"farmbot-genesis-xl-v1-6","2020-04-01",0,0
"farmbot-genesis-xl-v1-7","2020-04-01",0,0
"farmbot-genesis-xl-v1-8","2020-04-01",0,0
,"2020-04-01",0,0
"farmbot-express-v1-0","2020-05-01",5,8645.5
"farmbot-express-v1-1","2020-05-01",0,0
"farmbot-express-xl-v1-0","2020-05-01",8,18082.09
"farmbot-express-xl-v1-1","2020-05-01",0,0
"farmbot-genesis-v1-2","2020-05-01",0,0
"farmbot-genesis-v1-3","2020-05-01",0,0
"farmbot-genesis-v1-4","2020-05-01",0,0
"farmbot-genesis-v1-5","2020-05-01",9,26696.23
"farmbot-genesis-v1-6","2020-05-01",0,0
"farmbot-genesis-v1-7","2020-05-01",0,0
"farmbot-genesis-v1-8","2020-05-01",0,0
"farmbot-genesis-xl-v1-4","2020-05-01",0,0
"farmbot-genesis-xl-v1-5","2020-05-01",13,51165.08
"farmbot-genesis-xl-v1-6","2020-05-01",0,0
"farmbot-genesis-xl-v1-7","2020-05-01",0,0
"farmbot-genesis-xl-v1-8","2020-05-01",0,0
,"2020-05-01",0,0
"farmbot-express-v1-0","2020-06-01",12,18076.84
"farmbot-express-v1-1","2020-06-01",0,0
"farmbot-express-xl-v1-0","2020-06-01",5,9866.07
"farmbot-express-xl-v1-1","2020-06-01",0,0
"farmbot-genesis-v1-2","2020-06-01",0,0
"farmbot-genesis-v1-3","2020-06-01",0,0
"farmbot-genesis-v1-4","2020-06-01",0,0
"farmbot-genesis-v1-5","2020-06-01",14,40624.75
"farmbot-genesis-v1-6","2020-06-01",0,0
"farmbot-genesis-v1-7","2020-06-01",0,0
"farmbot-genesis-v1-8","2020-06-01",0,0
"farmbot-genesis-xl-v1-4","2020-06-01",0,0
"farmbot-genesis-xl-v1-5","2020-06-01",7,30888.9
"farmbot-genesis-xl-v1-6","2020-06-01",0,0
"farmbot-genesis-xl-v1-7","2020-06-01",0,0
"farmbot-genesis-xl-v1-8","2020-06-01",0,0
,"2020-06-01",0,0
"farmbot-express-v1-0","2020-07-01",15,22189.38
"farmbot-express-v1-1","2020-07-01",0,0
"farmbot-express-xl-v1-0","2020-07-01",8,15521.04
"farmbot-express-xl-v1-1","2020-07-01",0,0
"farmbot-genesis-v1-2","2020-07-01",0,0
"farmbot-genesis-v1-3","2020-07-01",0,0
"farmbot-genesis-v1-4","2020-07-01",0,0
"farmbot-genesis-v1-5","2020-07-01",-1,-3040.21
"farmbot-genesis-v1-6","2020-07-01",0,0
"farmbot-genesis-v1-7","2020-07-01",0,0
"farmbot-genesis-v1-8","2020-07-01",0,0
"farmbot-genesis-xl-v1-4","2020-07-01",0,0
"farmbot-genesis-xl-v1-5","2020-07-01",6,26763.85
"farmbot-genesis-xl-v1-6","2020-07-01",0,0
"farmbot-genesis-xl-v1-7","2020-07-01",0,0
"farmbot-genesis-xl-v1-8","2020-07-01",0,0
,"2020-07-01",0,0
"farmbot-express-v1-0","2020-08-01",6,8865.26
"farmbot-express-v1-1","2020-08-01",0,0
"farmbot-express-xl-v1-0","2020-08-01",4,7542.04
"farmbot-express-xl-v1-1","2020-08-01",0,0
"farmbot-genesis-v1-2","2020-08-01",0,0
"farmbot-genesis-v1-3","2020-08-01",0,0
"farmbot-genesis-v1-4","2020-08-01",0,0
"farmbot-genesis-v1-5","2020-08-01",6,17371
"farmbot-genesis-v1-6","2020-08-01",0,0
"farmbot-genesis-v1-7","2020-08-01",0,0
"farmbot-genesis-v1-8","2020-08-01",0,0
"farmbot-genesis-xl-v1-4","2020-08-01",0,0
"farmbot-genesis-xl-v1-5","2020-08-01",10,44012.48
"farmbot-genesis-xl-v1-6","2020-08-01",0,0
"farmbot-genesis-xl-v1-7","2020-08-01",0,0
"farmbot-genesis-xl-v1-8","2020-08-01",0,0
,"2020-08-01",0,0
"farmbot-express-v1-0","2020-09-01",9,13298.91
"farmbot-express-v1-1","2020-09-01",0,0
"farmbot-express-xl-v1-0","2020-09-01",9,15541.34
"farmbot-express-xl-v1-1","2020-09-01",0,0
"farmbot-genesis-v1-2","2020-09-01",0,0
"farmbot-genesis-v1-3","2020-09-01",0,0
"farmbot-genesis-v1-4","2020-09-01",0,0
"farmbot-genesis-v1-5","2020-09-01",9,25653.19
"farmbot-genesis-v1-6","2020-09-01",0,0
"farmbot-genesis-v1-7","2020-09-01",0,0
"farmbot-genesis-v1-8","2020-09-01",0,0
"farmbot-genesis-xl-v1-4","2020-09-01",0,0
"farmbot-genesis-xl-v1-5","2020-09-01",7,30845.05
"farmbot-genesis-xl-v1-6","2020-09-01",0,0
"farmbot-genesis-xl-v1-7","2020-09-01",0,0
"farmbot-genesis-xl-v1-8","2020-09-01",0,0
,"2020-09-01",0,0
"farmbot-express-v1-0","2020-10-01",4,6025.51
"farmbot-express-v1-1","2020-10-01",0,0
"farmbot-express-xl-v1-0","2020-10-01",6,10439.29
"farmbot-express-xl-v1-1","2020-10-01",0,0
"farmbot-genesis-v1-2","2020-10-01",0,0
"farmbot-genesis-v1-3","2020-10-01",0,0
"farmbot-genesis-v1-4","2020-10-01",0,0
"farmbot-genesis-v1-5","2020-10-01",12,34764.73
"farmbot-genesis-v1-6","2020-10-01",0,0
"farmbot-genesis-v1-7","2020-10-01",0,0
"farmbot-genesis-v1-8","2020-10-01",0,0
"farmbot-genesis-xl-v1-4","2020-10-01",0,0
"farmbot-genesis-xl-v1-5","2020-10-01",7,29217.5
"farmbot-genesis-xl-v1-6","2020-10-01",0,0
"farmbot-genesis-xl-v1-7","2020-10-01",0,0
"farmbot-genesis-xl-v1-8","2020-10-01",0,0
,"2020-10-01",0,0
"farmbot-express-v1-0","2020-11-01",8,11122.08
"farmbot-express-v1-1","2020-11-01",0,0
"farmbot-express-xl-v1-0","2020-11-01",31,45421.01
"farmbot-express-xl-v1-1","2020-11-01",0,0
"farmbot-genesis-v1-2","2020-11-01",0,0
"farmbot-genesis-v1-3","2020-11-01",0,0
"farmbot-genesis-v1-4","2020-11-01",0,0
"farmbot-genesis-v1-5","2020-11-01",18,51985.57
"farmbot-genesis-v1-6","2020-11-01",0,0
"farmbot-genesis-v1-7","2020-11-01",0,0
"farmbot-genesis-v1-8","2020-11-01",0,0
"farmbot-genesis-xl-v1-4","2020-11-01",0,0
"farmbot-genesis-xl-v1-5","2020-11-01",12,48762.96
"farmbot-genesis-xl-v1-6","2020-11-01",0,0
"farmbot-genesis-xl-v1-7","2020-11-01",0,0
"farmbot-genesis-xl-v1-8","2020-11-01",0,0
,"2020-11-01",0,0
"farmbot-express-v1-0","2020-12-01",11,16316.65
"farmbot-express-v1-1","2020-12-01",0,0
"farmbot-express-xl-v1-0","2020-12-01",4,4329.82
"farmbot-express-xl-v1-1","2020-12-01",0,0
"farmbot-genesis-v1-2","2020-12-01",0,0
"farmbot-genesis-v1-3","2020-12-01",0,0
"farmbot-genesis-v1-4","2020-12-01",0,0
"farmbot-genesis-v1-5","2020-12-01",16,46128
"farmbot-genesis-v1-6","2020-12-01",0,0
"farmbot-genesis-v1-7","2020-12-01",0,0
"farmbot-genesis-v1-8","2020-12-01",0,0
"farmbot-genesis-xl-v1-4","2020-12-01",0,0
"farmbot-genesis-xl-v1-5","2020-12-01",12,52029.75
"farmbot-genesis-xl-v1-6","2020-12-01",0,0
"farmbot-genesis-xl-v1-7","2020-12-01",0,0
"farmbot-genesis-xl-v1-8","2020-12-01",0,0
,"2020-12-01",0,0
"farmbot-express-v1-0","2021-01-01",7,10285.98
"farmbot-express-v1-1","2021-01-01",0,0
"farmbot-express-xl-v1-0","2021-01-01",11,17811.11
"farmbot-express-xl-v1-1","2021-01-01",0,0
"farmbot-genesis-v1-2","2021-01-01",0,0
"farmbot-genesis-v1-3","2021-01-01",0,0
"farmbot-genesis-v1-4","2021-01-01",0,0
"farmbot-genesis-v1-5","2021-01-01",14,40082.72
"farmbot-genesis-v1-6","2021-01-01",0,0
"farmbot-genesis-v1-7","2021-01-01",0,0
"farmbot-genesis-v1-8","2021-01-01",0,0
"farmbot-genesis-xl-v1-4","2021-01-01",0,0
"farmbot-genesis-xl-v1-5","2021-01-01",9,41051.84
"farmbot-genesis-xl-v1-6","2021-01-01",0,0
"farmbot-genesis-xl-v1-7","2021-01-01",0,0
"farmbot-genesis-xl-v1-8","2021-01-01",0,0
,"2021-01-01",0,0
"farmbot-express-v1-0","2021-02-01",9,13418.55
"farmbot-express-v1-1","2021-02-01",0,0
"farmbot-express-xl-v1-0","2021-02-01",12,18141.41
"farmbot-express-xl-v1-1","2021-02-01",0,0
"farmbot-genesis-v1-2","2021-02-01",0,0
"farmbot-genesis-v1-3","2021-02-01",0,0
"farmbot-genesis-v1-4","2021-02-01",0,0
"farmbot-genesis-v1-5","2021-02-01",23,65427.62
"farmbot-genesis-v1-6","2021-02-01",0,0
"farmbot-genesis-v1-7","2021-02-01",0,0
"farmbot-genesis-v1-8","2021-02-01",0,0
"farmbot-genesis-xl-v1-4","2021-02-01",0,0
"farmbot-genesis-xl-v1-5","2021-02-01",6,27404.24
"farmbot-genesis-xl-v1-6","2021-02-01",0,0
"farmbot-genesis-xl-v1-7","2021-02-01",0,0
"farmbot-genesis-xl-v1-8","2021-02-01",0,0
,"2021-02-01",0,0
"farmbot-express-v1-0","2021-03-01",7,9932.68
"farmbot-express-v1-1","2021-03-01",0,0
"farmbot-express-xl-v1-0","2021-03-01",14,21418.33
"farmbot-express-xl-v1-1","2021-03-01",0,0
"farmbot-genesis-v1-2","2021-03-01",0,0
"farmbot-genesis-v1-3","2021-03-01",0,0
"farmbot-genesis-v1-4","2021-03-01",0,0
"farmbot-genesis-v1-5","2021-03-01",0,0
"farmbot-genesis-v1-6","2021-03-01",0,0
"farmbot-genesis-v1-7","2021-03-01",0,0
"farmbot-genesis-v1-8","2021-03-01",0,0
"farmbot-genesis-xl-v1-4","2021-03-01",1,629.25
"farmbot-genesis-xl-v1-5","2021-03-01",10,47686.62
"farmbot-genesis-xl-v1-6","2021-03-01",4,15356.23
"farmbot-genesis-xl-v1-7","2021-03-01",0,0
"farmbot-genesis-xl-v1-8","2021-03-01",0,0
,"2021-03-01",11,35528.68
"farmbot-express-v1-0","2021-04-01",2,3013.79
"farmbot-express-v1-1","2021-04-01",3,4507.62
"farmbot-express-xl-v1-0","2021-04-01",30,49457.02
"farmbot-express-xl-v1-1","2021-04-01",0,0
"farmbot-genesis-v1-2","2021-04-01",0,0
"farmbot-genesis-v1-3","2021-04-01",0,0
"farmbot-genesis-v1-4","2021-04-01",0,0
"farmbot-genesis-v1-5","2021-04-01",0,0
"farmbot-genesis-v1-6","2021-04-01",12,37383.32
"farmbot-genesis-v1-7","2021-04-01",0,0
"farmbot-genesis-v1-8","2021-04-01",0,0
"farmbot-genesis-xl-v1-4","2021-04-01",1,999
"farmbot-genesis-xl-v1-5","2021-04-01",1,4795
"farmbot-genesis-xl-v1-6","2021-04-01",10,47054.82
"farmbot-genesis-xl-v1-7","2021-04-01",0,0
"farmbot-genesis-xl-v1-8","2021-04-01",0,0
,"2021-04-01",2,5045
"farmbot-express-v1-0","2021-05-01",0,0
"farmbot-express-v1-1","2021-05-01",1,1495
"farmbot-express-xl-v1-0","2021-05-01",10,17264
"farmbot-express-xl-v1-1","2021-05-01",0,0
"farmbot-genesis-v1-2","2021-05-01",0,0
"farmbot-genesis-v1-3","2021-05-01",0,0
"farmbot-genesis-v1-4","2021-05-01",0,0
"farmbot-genesis-v1-5","2021-05-01",0,0
"farmbot-genesis-v1-6","2021-05-01",6,17598.19
"farmbot-genesis-v1-7","2021-05-01",0,0
"farmbot-genesis-v1-8","2021-05-01",0,0
"farmbot-genesis-xl-v1-4","2021-05-01",0,0
"farmbot-genesis-xl-v1-5","2021-05-01",0,0
"farmbot-genesis-xl-v1-6","2021-05-01",31,144530.51
"farmbot-genesis-xl-v1-7","2021-05-01",0,0
"farmbot-genesis-xl-v1-8","2021-05-01",0,0
,"2021-05-01",0,0
"farmbot-express-v1-0","2021-06-01",0,0
"farmbot-express-v1-1","2021-06-01",2,2990
"farmbot-express-xl-v1-0","2021-06-01",14,24929.77
"farmbot-express-xl-v1-1","2021-06-01",0,0
"farmbot-genesis-v1-2","2021-06-01",0,0
"farmbot-genesis-v1-3","2021-06-01",0,0
"farmbot-genesis-v1-4","2021-06-01",0,0
"farmbot-genesis-v1-5","2021-06-01",0,0
"farmbot-genesis-v1-6","2021-06-01",24,76627.91
"farmbot-genesis-v1-7","2021-06-01",0,0
"farmbot-genesis-v1-8","2021-06-01",0,0
"farmbot-genesis-xl-v1-4","2021-06-01",0,0
"farmbot-genesis-xl-v1-5","2021-06-01",0,0
"farmbot-genesis-xl-v1-6","2021-06-01",4,8438.24
"farmbot-genesis-xl-v1-7","2021-06-01",0,0
"farmbot-genesis-xl-v1-8","2021-06-01",0,0
,"2021-06-01",0,0
"farmbot-express-v1-0","2021-07-01",0,0
"farmbot-express-v1-1","2021-07-01",4,6026.36
"farmbot-express-xl-v1-0","2021-07-01",3,6344.57
"farmbot-express-xl-v1-1","2021-07-01",0,0
"farmbot-genesis-v1-2","2021-07-01",0,0
"farmbot-genesis-v1-3","2021-07-01",0,0
"farmbot-genesis-v1-4","2021-07-01",0,0
"farmbot-genesis-v1-5","2021-07-01",0,0
"farmbot-genesis-v1-6","2021-07-01",18,55876.69
"farmbot-genesis-v1-7","2021-07-01",0,0
"farmbot-genesis-v1-8","2021-07-01",0,0
"farmbot-genesis-xl-v1-4","2021-07-01",0,0
"farmbot-genesis-xl-v1-5","2021-07-01",0,0
"farmbot-genesis-xl-v1-6","2021-07-01",9,43524.16
"farmbot-genesis-xl-v1-7","2021-07-01",0,0
"farmbot-genesis-xl-v1-8","2021-07-01",0,0
,"2021-07-01",0,0
"farmbot-express-v1-0","2021-08-01",0,0
"farmbot-express-v1-1","2021-08-01",4,5980
"farmbot-express-xl-v1-0","2021-08-01",1,2517.83
"farmbot-express-xl-v1-1","2021-08-01",1,2025.04
"farmbot-genesis-v1-2","2021-08-01",0,0
"farmbot-genesis-v1-3","2021-08-01",0,0
"farmbot-genesis-v1-4","2021-08-01",0,0
"farmbot-genesis-v1-5","2021-08-01",0,0
"farmbot-genesis-v1-6","2021-08-01",7,22455.59
"farmbot-genesis-v1-7","2021-08-01",0,0
"farmbot-genesis-v1-8","2021-08-01",0,0
"farmbot-genesis-xl-v1-4","2021-08-01",0,0
"farmbot-genesis-xl-v1-5","2021-08-01",0,0
"farmbot-genesis-xl-v1-6","2021-08-01",5,24872.17
"farmbot-genesis-xl-v1-7","2021-08-01",0,0
"farmbot-genesis-xl-v1-8","2021-08-01",0,0
,"2021-08-01",0,0
"farmbot-express-v1-0","2021-09-01",0,0
"farmbot-express-v1-1","2021-09-01",7,10458.46
"farmbot-express-xl-v1-0","2021-09-01",0,0
"farmbot-express-xl-v1-1","2021-09-01",2,3920
"farmbot-genesis-v1-2","2021-09-01",0,0
"farmbot-genesis-v1-3","2021-09-01",0,0
"farmbot-genesis-v1-4","2021-09-01",0,0
"farmbot-genesis-v1-5","2021-09-01",0,0
"farmbot-genesis-v1-6","2021-09-01",16,48975.23
"farmbot-genesis-v1-7","2021-09-01",0,0
"farmbot-genesis-v1-8","2021-09-01",0,0
"farmbot-genesis-xl-v1-4","2021-09-01",0,0
"farmbot-genesis-xl-v1-5","2021-09-01",0,0
"farmbot-genesis-xl-v1-6","2021-09-01",5,24899.51
"farmbot-genesis-xl-v1-7","2021-09-01",0,0
"farmbot-genesis-xl-v1-8","2021-09-01",0,0
,"2021-09-01",0,0
"farmbot-express-v1-0","2021-10-01",0,0
"farmbot-express-v1-1","2021-10-01",6,8910.25
"farmbot-express-xl-v1-0","2021-10-01",0,0
"farmbot-express-xl-v1-1","2021-10-01",1,1995
"farmbot-genesis-v1-2","2021-10-01",0,0
"farmbot-genesis-v1-3","2021-10-01",0,0
"farmbot-genesis-v1-4","2021-10-01",0,0
"farmbot-genesis-v1-5","2021-10-01",0,0
"farmbot-genesis-v1-6","2021-10-01",11,34408.27
"farmbot-genesis-v1-7","2021-10-01",0,0
"farmbot-genesis-v1-8","2021-10-01",0,0
"farmbot-genesis-xl-v1-4","2021-10-01",0,0
"farmbot-genesis-xl-v1-5","2021-10-01",0,0
"farmbot-genesis-xl-v1-6","2021-10-01",6,29545.68
"farmbot-genesis-xl-v1-7","2021-10-01",0,0
"farmbot-genesis-xl-v1-8","2021-10-01",0,0
,"2021-10-01",0,0
"farmbot-express-v1-0","2021-11-01",0,0
"farmbot-express-v1-1","2021-11-01",6,8719.99
"farmbot-express-xl-v1-0","2021-11-01",-1,-1750
"farmbot-express-xl-v1-1","2021-11-01",5,9806.16
"farmbot-genesis-v1-2","2021-11-01",0,0
"farmbot-genesis-v1-3","2021-11-01",0,0
"farmbot-genesis-v1-4","2021-11-01",0,0
"farmbot-genesis-v1-5","2021-11-01",0,0
"farmbot-genesis-v1-6","2021-11-01",16,51672.63
"farmbot-genesis-v1-7","2021-11-01",0,0
"farmbot-genesis-v1-8","2021-11-01",0,0
"farmbot-genesis-xl-v1-4","2021-11-01",0,0
"farmbot-genesis-xl-v1-5","2021-11-01",0,0
"farmbot-genesis-xl-v1-6","2021-11-01",19,87786.95
"farmbot-genesis-xl-v1-7","2021-11-01",0,0
"farmbot-genesis-xl-v1-8","2021-11-01",0,0
,"2021-11-01",0,0
"farmbot-express-v1-0","2021-12-01",0,0
"farmbot-express-v1-1","2021-12-01",2,2967.48
"farmbot-express-xl-v1-0","2021-12-01",1,1995
"farmbot-express-xl-v1-1","2021-12-01",5,9576
"farmbot-genesis-v1-2","2021-12-01",0,0
"farmbot-genesis-v1-3","2021-12-01",0,0
"farmbot-genesis-v1-4","2021-12-01",0,0
"farmbot-genesis-v1-5","2021-12-01",0,0
"farmbot-genesis-v1-6","2021-12-01",11,35255.41
"farmbot-genesis-v1-7","2021-12-01",0,0
"farmbot-genesis-v1-8","2021-12-01",0,0
"farmbot-genesis-xl-v1-4","2021-12-01",0,0
"farmbot-genesis-xl-v1-5","2021-12-01",0,0
"farmbot-genesis-xl-v1-6","2021-12-01",10,48448.72
"farmbot-genesis-xl-v1-7","2021-12-01",0,0
"farmbot-genesis-xl-v1-8","2021-12-01",0,0
,"2021-12-01",-1,-4495.5
"farmbot-express-v1-0","2022-01-01",-2,-2937.54
"farmbot-express-v1-1","2022-01-01",4,5945.75
"farmbot-express-xl-v1-0","2022-01-01",3,5785.5
"farmbot-express-xl-v1-1","2022-01-01",6,12170.65
"farmbot-genesis-v1-2","2022-01-01",0,0
"farmbot-genesis-v1-3","2022-01-01",0,0
"farmbot-genesis-v1-4","2022-01-01",0,0
"farmbot-genesis-v1-5","2022-01-01",0,0
"farmbot-genesis-v1-6","2022-01-01",15,47238.94
"farmbot-genesis-v1-7","2022-01-01",0,0
"farmbot-genesis-v1-8","2022-01-01",0,0
"farmbot-genesis-xl-v1-4","2022-01-01",0,0
"farmbot-genesis-xl-v1-5","2022-01-01",0,0
"farmbot-genesis-xl-v1-6","2022-01-01",0,791.07
"farmbot-genesis-xl-v1-7","2022-01-01",0,0
"farmbot-genesis-xl-v1-8","2022-01-01",0,0
,"2022-01-01",0,0
"farmbot-express-v1-0","2022-02-01",0,0
"farmbot-express-v1-1","2022-02-01",5,8728.43
"farmbot-express-xl-v1-0","2022-02-01",0,0
"farmbot-express-xl-v1-1","2022-02-01",3,6676.83
"farmbot-genesis-v1-2","2022-02-01",0,0
"farmbot-genesis-v1-3","2022-02-01",0,0
"farmbot-genesis-v1-4","2022-02-01",0,0
"farmbot-genesis-v1-5","2022-02-01",0,0
"farmbot-genesis-v1-6","2022-02-01",12,38932.91
"farmbot-genesis-v1-7","2022-02-01",0,0
"farmbot-genesis-v1-8","2022-02-01",0,0
"farmbot-genesis-xl-v1-4","2022-02-01",0,0
"farmbot-genesis-xl-v1-5","2022-02-01",0,0
"farmbot-genesis-xl-v1-6","2022-02-01",13,68915.84
"farmbot-genesis-xl-v1-7","2022-02-01",0,0
"farmbot-genesis-xl-v1-8","2022-02-01",0,0
,"2022-02-01",0,0
"farmbot-express-v1-0","2022-03-01",0,0
"farmbot-express-v1-1","2022-03-01",7,12148.5
"farmbot-express-xl-v1-0","2022-03-01",0,0
"farmbot-express-xl-v1-1","2022-03-01",7,15231.66
"farmbot-genesis-v1-2","2022-03-01",0,0
"farmbot-genesis-v1-3","2022-03-01",0,0
"farmbot-genesis-v1-4","2022-03-01",0,0
"farmbot-genesis-v1-5","2022-03-01",0,0
"farmbot-genesis-v1-6","2022-03-01",11,37676.91
"farmbot-genesis-v1-7","2022-03-01",0,0
"farmbot-genesis-v1-8","2022-03-01",0,0
"farmbot-genesis-xl-v1-4","2022-03-01",0,0
"farmbot-genesis-xl-v1-5","2022-03-01",0,0
"farmbot-genesis-xl-v1-6","2022-03-01",7,28278.39
"farmbot-genesis-xl-v1-7","2022-03-01",0,0
"farmbot-genesis-xl-v1-8","2022-03-01",0,0
,"2022-03-01",-1,-3010.32
"farmbot-express-v1-0","2022-04-01",0,0
"farmbot-express-v1-1","2022-04-01",7,11647.32
"farmbot-express-xl-v1-0","2022-04-01",0,0
"farmbot-express-xl-v1-1","2022-04-01",3,6585.05
"farmbot-genesis-v1-2","2022-04-01",0,0
"farmbot-genesis-v1-3","2022-04-01",0,0
"farmbot-genesis-v1-4","2022-04-01",0,0
"farmbot-genesis-v1-5","2022-04-01",0,0
"farmbot-genesis-v1-6","2022-04-01",14,46866.25
"farmbot-genesis-v1-7","2022-04-01",0,0
"farmbot-genesis-v1-8","2022-04-01",0,0
"farmbot-genesis-xl-v1-4","2022-04-01",0,0
"farmbot-genesis-xl-v1-5","2022-04-01",0,0
"farmbot-genesis-xl-v1-6","2022-04-01",6,31474.9
"farmbot-genesis-xl-v1-7","2022-04-01",0,0
"farmbot-genesis-xl-v1-8","2022-04-01",0,0
,"2022-04-01",0,0
"farmbot-express-v1-0","2022-05-01",0,0
"farmbot-express-v1-1","2022-05-01",9,15432.46
"farmbot-express-xl-v1-0","2022-05-01",0,0
"farmbot-express-xl-v1-1","2022-05-01",5,10755.5
"farmbot-genesis-v1-2","2022-05-01",0,0
"farmbot-genesis-v1-3","2022-05-01",0,0
"farmbot-genesis-v1-4","2022-05-01",0,0
"farmbot-genesis-v1-5","2022-05-01",0,0
"farmbot-genesis-v1-6","2022-05-01",20,62830.97
"farmbot-genesis-v1-7","2022-05-01",0,0
"farmbot-genesis-v1-8","2022-05-01",0,0
"farmbot-genesis-xl-v1-4","2022-05-01",0,0
"farmbot-genesis-xl-v1-5","2022-05-01",0,0
"farmbot-genesis-xl-v1-6","2022-05-01",11,53996.62
"farmbot-genesis-xl-v1-7","2022-05-01",0,0
"farmbot-genesis-xl-v1-8","2022-05-01",0,0
,"2022-05-01",0,0
"farmbot-express-v1-0","2022-06-01",0,0
"farmbot-express-v1-1","2022-06-01",2,3390
"farmbot-express-xl-v1-0","2022-06-01",0,0
"farmbot-express-xl-v1-1","2022-06-01",1,2161.39
"farmbot-genesis-v1-2","2022-06-01",0,0
"farmbot-genesis-v1-3","2022-06-01",0,0
"farmbot-genesis-v1-4","2022-06-01",0,0
"farmbot-genesis-v1-5","2022-06-01",0,0
"farmbot-genesis-v1-6","2022-06-01",6,20521.5
"farmbot-genesis-v1-7","2022-06-01",0,0
"farmbot-genesis-v1-8","2022-06-01",0,0
"farmbot-genesis-xl-v1-4","2022-06-01",0,0
"farmbot-genesis-xl-v1-5","2022-06-01",0,0
"farmbot-genesis-xl-v1-6","2022-06-01",5,26256.51
"farmbot-genesis-xl-v1-7","2022-06-01",0,0
"farmbot-genesis-xl-v1-8","2022-06-01",0,0
,"2022-06-01",0,0
"farmbot-express-v1-0","2022-07-01",0,0
"farmbot-express-v1-1","2022-07-01",0,-26.08
"farmbot-express-xl-v1-0","2022-07-01",0,0
"farmbot-express-xl-v1-1","2022-07-01",-4,-7637.58
"farmbot-genesis-v1-2","2022-07-01",0,0
"farmbot-genesis-v1-3","2022-07-01",0,0
"farmbot-genesis-v1-4","2022-07-01",0,0
"farmbot-genesis-v1-5","2022-07-01",0,0
"farmbot-genesis-v1-6","2022-07-01",14,49665.99
"farmbot-genesis-v1-7","2022-07-01",0,0
"farmbot-genesis-v1-8","2022-07-01",0,0
"farmbot-genesis-xl-v1-4","2022-07-01",0,0
"farmbot-genesis-xl-v1-5","2022-07-01",0,0
"farmbot-genesis-xl-v1-6","2022-07-01",1,4606.5
"farmbot-genesis-xl-v1-7","2022-07-01",0,0
"farmbot-genesis-xl-v1-8","2022-07-01",0,0
,"2022-07-01",0,0
"farmbot-express-v1-0","2022-08-01",0,0
"farmbot-express-v1-1","2022-08-01",6,10085.25
"farmbot-express-xl-v1-0","2022-08-01",0,0
"farmbot-express-xl-v1-1","2022-08-01",5,11025.5
"farmbot-genesis-v1-2","2022-08-01",0,0
"farmbot-genesis-v1-3","2022-08-01",0,0
"farmbot-genesis-v1-4","2022-08-01",0,0
"farmbot-genesis-v1-5","2022-08-01",0,0
"farmbot-genesis-v1-6","2022-08-01",14,48432.67
"farmbot-genesis-v1-7","2022-08-01",0,0
"farmbot-genesis-v1-8","2022-08-01",0,0
"farmbot-genesis-xl-v1-4","2022-08-01",0,0
"farmbot-genesis-xl-v1-5","2022-08-01",0,0
"farmbot-genesis-xl-v1-6","2022-08-01",3,15090.75
"farmbot-genesis-xl-v1-7","2022-08-01",0,0
"farmbot-genesis-xl-v1-8","2022-08-01",0,0
,"2022-08-01",0,0
"farmbot-express-v1-0","2022-09-01",0,0
"farmbot-express-v1-1","2022-09-01",4,6890.55
"farmbot-express-xl-v1-0","2022-09-01",0,0
"farmbot-express-xl-v1-1","2022-09-01",-2,-4390
"farmbot-genesis-v1-2","2022-09-01",0,0
"farmbot-genesis-v1-3","2022-09-01",0,0
"farmbot-genesis-v1-4","2022-09-01",0,0
"farmbot-genesis-v1-5","2022-09-01",0,0
"farmbot-genesis-v1-6","2022-09-01",17,55705.21
"farmbot-genesis-v1-7","2022-09-01",0,0
"farmbot-genesis-v1-8","2022-09-01",0,0
"farmbot-genesis-xl-v1-4","2022-09-01",0,0
"farmbot-genesis-xl-v1-5","2022-09-01",0,0
"farmbot-genesis-xl-v1-6","2022-09-01",6,31787.97
"farmbot-genesis-xl-v1-7","2022-09-01",0,0
"farmbot-genesis-xl-v1-8","2022-09-01",0,0
,"2022-09-01",0,0
"farmbot-express-v1-0","2022-10-01",0,0
"farmbot-express-v1-1","2022-10-01",5,8400.53
"farmbot-express-xl-v1-0","2022-10-01",0,0
"farmbot-express-xl-v1-1","2022-10-01",-1,-2195
"farmbot-genesis-v1-2","2022-10-01",0,0
"farmbot-genesis-v1-3","2022-10-01",0,0
"farmbot-genesis-v1-4","2022-10-01",0,0
"farmbot-genesis-v1-5","2022-10-01",0,0
"farmbot-genesis-v1-6","2022-10-01",2,7018.44
"farmbot-genesis-v1-7","2022-10-01",0,0
"farmbot-genesis-v1-8","2022-10-01",0,0
"farmbot-genesis-xl-v1-4","2022-10-01",0,0
"farmbot-genesis-xl-v1-5","2022-10-01",0,0
"farmbot-genesis-xl-v1-6","2022-10-01",5,25425
"farmbot-genesis-xl-v1-7","2022-10-01",0,0
"farmbot-genesis-xl-v1-8","2022-10-01",0,0
,"2022-10-01",0,0
"farmbot-express-v1-0","2022-11-01",0,0
"farmbot-express-v1-1","2022-11-01",10,15003.77
"farmbot-express-xl-v1-0","2022-11-01",0,0
"farmbot-express-xl-v1-1","2022-11-01",12,20440
"farmbot-genesis-v1-2","2022-11-01",0,0
"farmbot-genesis-v1-3","2022-11-01",0,0
"farmbot-genesis-v1-4","2022-11-01",0,0
"farmbot-genesis-v1-5","2022-11-01",0,0
"farmbot-genesis-v1-6","2022-11-01",8,26218.92
"farmbot-genesis-v1-7","2022-11-01",0,0
"farmbot-genesis-v1-8","2022-11-01",0,0
"farmbot-genesis-xl-v1-4","2022-11-01",0,0
"farmbot-genesis-xl-v1-5","2022-11-01",0,0
"farmbot-genesis-xl-v1-6","2022-11-01",3,12416.82
"farmbot-genesis-xl-v1-7","2022-11-01",0,0
"farmbot-genesis-xl-v1-8","2022-11-01",0,0
,"2022-11-01",0,0
"farmbot-express-v1-0","2022-12-01",0,0
"farmbot-express-v1-1","2022-12-01",9,12506.1
"farmbot-express-xl-v1-0","2022-12-01",0,0
"farmbot-express-xl-v1-1","2022-12-01",16,25407.32
"farmbot-genesis-v1-2","2022-12-01",0,0
"farmbot-genesis-v1-3","2022-12-01",0,0
"farmbot-genesis-v1-4","2022-12-01",0,0
"farmbot-genesis-v1-5","2022-12-01",0,0
"farmbot-genesis-v1-6","2022-12-01",7,24739.35
"farmbot-genesis-v1-7","2022-12-01",0,0
"farmbot-genesis-v1-8","2022-12-01",0,0
"farmbot-genesis-xl-v1-4","2022-12-01",0,0
"farmbot-genesis-xl-v1-5","2022-12-01",0,0
"farmbot-genesis-xl-v1-6","2022-12-01",12,52223.46
"farmbot-genesis-xl-v1-7","2022-12-01",0,0
"farmbot-genesis-xl-v1-8","2022-12-01",0,0
,"2022-12-01",0,0
"farmbot-express-v1-0","2023-01-01",0,0
"farmbot-express-v1-1","2023-01-01",5,6835.5
"farmbot-express-xl-v1-0","2023-01-01",0,0
"farmbot-express-xl-v1-1","2023-01-01",6,8795.25
"farmbot-genesis-v1-2","2023-01-01",0,0
"farmbot-genesis-v1-3","2023-01-01",0,0
"farmbot-genesis-v1-4","2023-01-01",0,0
"farmbot-genesis-v1-5","2023-01-01",0,0
"farmbot-genesis-v1-6","2023-01-01",8,26131.4
"farmbot-genesis-v1-7","2023-01-01",0,0
"farmbot-genesis-v1-8","2023-01-01",0,0
"farmbot-genesis-xl-v1-4","2023-01-01",0,0
"farmbot-genesis-xl-v1-5","2023-01-01",0,0
"farmbot-genesis-xl-v1-6","2023-01-01",6,24425.01
"farmbot-genesis-xl-v1-7","2023-01-01",0,0
"farmbot-genesis-xl-v1-8","2023-01-01",0,0
,"2023-01-01",0,0
"farmbot-express-v1-0","2023-02-01",0,0
"farmbot-express-v1-1","2023-02-01",6,8112.53
"farmbot-express-xl-v1-0","2023-02-01",0,0
"farmbot-express-xl-v1-1","2023-02-01",3,4186
"farmbot-genesis-v1-2","2023-02-01",0,0
"farmbot-genesis-v1-3","2023-02-01",0,0
"farmbot-genesis-v1-4","2023-02-01",0,0
"farmbot-genesis-v1-5","2023-02-01",0,0
"farmbot-genesis-v1-6","2023-02-01",10,30873.42
"farmbot-genesis-v1-7","2023-02-01",0,0
"farmbot-genesis-v1-8","2023-02-01",0,0
"farmbot-genesis-xl-v1-4","2023-02-01",0,0
"farmbot-genesis-xl-v1-5","2023-02-01",0,0
"farmbot-genesis-xl-v1-6","2023-02-01",10,41352
"farmbot-genesis-xl-v1-7","2023-02-01",0,0
"farmbot-genesis-xl-v1-8","2023-02-01",0,0
,"2023-02-01",0,0
"farmbot-express-v1-0","2023-03-01",0,0
"farmbot-express-v1-1","2023-03-01",13,16022.41
"farmbot-express-xl-v1-0","2023-03-01",0,0
"farmbot-express-xl-v1-1","2023-03-01",6,8970
"farmbot-genesis-v1-2","2023-03-01",0,0
"farmbot-genesis-v1-3","2023-03-01",0,0
"farmbot-genesis-v1-4","2023-03-01",0,0
"farmbot-genesis-v1-5","2023-03-01",0,0
"farmbot-genesis-v1-6","2023-03-01",31,87742.65
"farmbot-genesis-v1-7","2023-03-01",0,0
"farmbot-genesis-v1-8","2023-03-01",0,0
"farmbot-genesis-xl-v1-4","2023-03-01",0,0
"farmbot-genesis-xl-v1-5","2023-03-01",0,0
"farmbot-genesis-xl-v1-6","2023-03-01",8,31620.75
"farmbot-genesis-xl-v1-7","2023-03-01",0,0
"farmbot-genesis-xl-v1-8","2023-03-01",0,0
,"2023-03-01",0,0
"farmbot-express-v1-0","2023-04-01",0,0
"farmbot-express-v1-1","2023-04-01",8,10467
"farmbot-express-xl-v1-0","2023-04-01",0,0
"farmbot-express-xl-v1-1","2023-04-01",8,11704.78
"farmbot-genesis-v1-2","2023-04-01",0,0
"farmbot-genesis-v1-3","2023-04-01",0,0
"farmbot-genesis-v1-4","2023-04-01",0,0
"farmbot-genesis-v1-5","2023-04-01",0,0
"farmbot-genesis-v1-6","2023-04-01",14,43529.31
"farmbot-genesis-v1-7","2023-04-01",0,0
"farmbot-genesis-v1-8","2023-04-01",0,0
"farmbot-genesis-xl-v1-4","2023-04-01",0,0
"farmbot-genesis-xl-v1-5","2023-04-01",0,0
"farmbot-genesis-xl-v1-6","2023-04-01",8,29623.63
"farmbot-genesis-xl-v1-7","2023-04-01",0,0
"farmbot-genesis-xl-v1-8","2023-04-01",0,0
,"2023-04-01",0,0
"farmbot-express-v1-0","2023-05-01",0,0
"farmbot-express-v1-1","2023-05-01",15,20475.34
"farmbot-express-xl-v1-0","2023-05-01",0,0
"farmbot-express-xl-v1-1","2023-05-01",5,5830.5
"farmbot-genesis-v1-2","2023-05-01",0,0
"farmbot-genesis-v1-3","2023-05-01",0,0
"farmbot-genesis-v1-4","2023-05-01",0,0
"farmbot-genesis-v1-5","2023-05-01",0,0
"farmbot-genesis-v1-6","2023-05-01",17,48121.5
"farmbot-genesis-v1-7","2023-05-01",0,0
"farmbot-genesis-v1-8","2023-05-01",0,0
"farmbot-genesis-xl-v1-4","2023-05-01",0,0
"farmbot-genesis-xl-v1-5","2023-05-01",0,0
"farmbot-genesis-xl-v1-6","2023-05-01",14,54392.94
"farmbot-genesis-xl-v1-7","2023-05-01",0,0
"farmbot-genesis-xl-v1-8","2023-05-01",0,0
,"2023-05-01",0,0
"farmbot-express-v1-0","2023-06-01",0,0
"farmbot-express-v1-1","2023-06-01",2,2790
"farmbot-express-xl-v1-0","2023-06-01",0,0
"farmbot-express-xl-v1-1","2023-06-01",5,7325.5
"farmbot-genesis-v1-2","2023-06-01",0,0
"farmbot-genesis-v1-3","2023-06-01",0,0
"farmbot-genesis-v1-4","2023-06-01",0,0
"farmbot-genesis-v1-5","2023-06-01",0,0
"farmbot-genesis-v1-6","2023-06-01",14,41930
"farmbot-genesis-v1-7","2023-06-01",0,0
"farmbot-genesis-v1-8","2023-06-01",0,0
"farmbot-genesis-xl-v1-4","2023-06-01",0,0
"farmbot-genesis-xl-v1-5","2023-06-01",0,0
"farmbot-genesis-xl-v1-6","2023-06-01",14,55131
"farmbot-genesis-xl-v1-7","2023-06-01",0,0
"farmbot-genesis-xl-v1-8","2023-06-01",0,0
,"2023-06-01",0,0
"farmbot-express-v1-0","2023-07-01",0,0
"farmbot-express-v1-1","2023-07-01",0,0
"farmbot-express-xl-v1-0","2023-07-01",0,0
"farmbot-express-xl-v1-1","2023-07-01",3,4355.98
"farmbot-genesis-v1-2","2023-07-01",0,0
"farmbot-genesis-v1-3","2023-07-01",0,0
"farmbot-genesis-v1-4","2023-07-01",0,0
"farmbot-genesis-v1-5","2023-07-01",0,0
"farmbot-genesis-v1-6","2023-07-01",17,49057.01
"farmbot-genesis-v1-7","2023-07-01",0,0
"farmbot-genesis-v1-8","2023-07-01",0,0
"farmbot-genesis-xl-v1-4","2023-07-01",0,0
"farmbot-genesis-xl-v1-5","2023-07-01",0,0
"farmbot-genesis-xl-v1-6","2023-07-01",6,23070
"farmbot-genesis-xl-v1-7","2023-07-01",0,0
"farmbot-genesis-xl-v1-8","2023-07-01",0,0
,"2023-07-01",0,0
"farmbot-express-v1-0","2023-08-01",0,0
"farmbot-express-v1-1","2023-08-01",6,8230.5
"farmbot-express-xl-v1-0","2023-08-01",0,0
"farmbot-express-xl-v1-1","2023-08-01",0,0
"farmbot-genesis-v1-2","2023-08-01",0,0
"farmbot-genesis-v1-3","2023-08-01",0,0
"farmbot-genesis-v1-4","2023-08-01",0,0
"farmbot-genesis-v1-5","2023-08-01",0,0
"farmbot-genesis-v1-6","2023-08-01",22,63979.58
"farmbot-genesis-v1-7","2023-08-01",0,0
"farmbot-genesis-v1-8","2023-08-01",0,0
"farmbot-genesis-xl-v1-4","2023-08-01",0,0
"farmbot-genesis-xl-v1-5","2023-08-01",0,0
"farmbot-genesis-xl-v1-6","2023-08-01",8,27365.75
"farmbot-genesis-xl-v1-7","2023-08-01",0,0
"farmbot-genesis-xl-v1-8","2023-08-01",0,0
,"2023-08-01",0,0
"farmbot-express-v1-0","2023-09-01",0,0
"farmbot-express-v1-1","2023-09-01",2,2811.45
"farmbot-express-xl-v1-0","2023-09-01",0,0
"farmbot-express-xl-v1-1","2023-09-01",9,12469.26
"farmbot-genesis-v1-2","2023-09-01",0,0
"farmbot-genesis-v1-3","2023-09-01",0,0
"farmbot-genesis-v1-4","2023-09-01",0,0
"farmbot-genesis-v1-5","2023-09-01",0,0
"farmbot-genesis-v1-6","2023-09-01",13,38980.02
"farmbot-genesis-v1-7","2023-09-01",0,0
"farmbot-genesis-v1-8","2023-09-01",0,0
"farmbot-genesis-xl-v1-4","2023-09-01",0,0
"farmbot-genesis-xl-v1-5","2023-09-01",0,0
"farmbot-genesis-xl-v1-6","2023-09-01",8,30267.77
"farmbot-genesis-xl-v1-7","2023-09-01",0,0
"farmbot-genesis-xl-v1-8","2023-09-01",0,0
,"2023-09-01",0,0
"farmbot-express-v1-0","2023-10-01",0,0
"farmbot-express-v1-1","2023-10-01",0,0
"farmbot-express-xl-v1-0","2023-10-01",0,0
"farmbot-express-xl-v1-1","2023-10-01",3,4535.42
"farmbot-genesis-v1-2","2023-10-01",0,0
"farmbot-genesis-v1-3","2023-10-01",0,0
"farmbot-genesis-v1-4","2023-10-01",0,0
"farmbot-genesis-v1-5","2023-10-01",0,0
"farmbot-genesis-v1-6","2023-10-01",7,20299.61
"farmbot-genesis-v1-7","2023-10-01",1,2995
"farmbot-genesis-v1-8","2023-10-01",0,0
"farmbot-genesis-xl-v1-4","2023-10-01",0,0
"farmbot-genesis-xl-v1-5","2023-10-01",0,0
"farmbot-genesis-xl-v1-6","2023-10-01",5,20095.91
"farmbot-genesis-xl-v1-7","2023-10-01",0,0
"farmbot-genesis-xl-v1-8","2023-10-01",0,0
,"2023-10-01",0,0
"farmbot-express-v1-0","2023-11-01",0,0
"farmbot-express-v1-1","2023-11-01",4,5178.24
"farmbot-express-xl-v1-0","2023-11-01",0,0
"farmbot-express-xl-v1-1","2023-11-01",5,6029.5
"farmbot-genesis-v1-2","2023-11-01",0,0
"farmbot-genesis-v1-3","2023-11-01",0,0
"farmbot-genesis-v1-4","2023-11-01",0,0
"farmbot-genesis-v1-5","2023-11-01",0,0
"farmbot-genesis-v1-6","2023-11-01",4,12025.24
"farmbot-genesis-v1-7","2023-11-01",9,26130.81
"farmbot-genesis-v1-8","2023-11-01",0,0
"farmbot-genesis-xl-v1-4","2023-11-01",0,0
"farmbot-genesis-xl-v1-5","2023-11-01",0,0
"farmbot-genesis-xl-v1-6","2023-11-01",11,42834.42
"farmbot-genesis-xl-v1-7","2023-11-01",7,27565.5
"farmbot-genesis-xl-v1-8","2023-11-01",0,0
,"2023-11-01",0,0
"farmbot-express-v1-0","2023-12-01",0,0
"farmbot-express-v1-1","2023-12-01",12,12546.37
"farmbot-express-xl-v1-0","2023-12-01",0,0
"farmbot-express-xl-v1-1","2023-12-01",7,8057.52
"farmbot-genesis-v1-2","2023-12-01",0,0
"farmbot-genesis-v1-3","2023-12-01",0,0
"farmbot-genesis-v1-4","2023-12-01",0,0
"farmbot-genesis-v1-5","2023-12-01",0,0
"farmbot-genesis-v1-6","2023-12-01",0,0
"farmbot-genesis-v1-7","2023-12-01",8,23753.1
"farmbot-genesis-v1-8","2023-12-01",0,0
"farmbot-genesis-xl-v1-4","2023-12-01",0,0
"farmbot-genesis-xl-v1-5","2023-12-01",0,0
"farmbot-genesis-xl-v1-6","2023-12-01",-1,-4797.23
"farmbot-genesis-xl-v1-7","2023-12-01",2,8315.75
"farmbot-genesis-xl-v1-8","2023-12-01",0,0
,"2023-12-01",0,0
"farmbot-express-v1-0","2024-01-01",0,0
"farmbot-express-v1-1","2024-01-01",0,0
"farmbot-express-xl-v1-0","2024-01-01",0,0
"farmbot-express-xl-v1-1","2024-01-01",7,8473.29
"farmbot-genesis-v1-2","2024-01-01",0,0
"farmbot-genesis-v1-3","2024-01-01",0,0
"farmbot-genesis-v1-4","2024-01-01",0,0
"farmbot-genesis-v1-5","2024-01-01",0,0
"farmbot-genesis-v1-6","2024-01-01",0,0
"farmbot-genesis-v1-7","2024-01-01",14,41249.81
"farmbot-genesis-v1-8","2024-01-01",0,0
"farmbot-genesis-xl-v1-4","2024-01-01",0,0
"farmbot-genesis-xl-v1-5","2024-01-01",0,0
"farmbot-genesis-xl-v1-6","2024-01-01",1,3982.02
"farmbot-genesis-xl-v1-7","2024-01-01",3,13485
"farmbot-genesis-xl-v1-8","2024-01-01",0,0
,"2024-01-01",0,0
"farmbot-express-v1-0","2024-02-01",0,0
"farmbot-express-v1-1","2024-02-01",0,0
"farmbot-express-xl-v1-0","2024-02-01",0,0
"farmbot-express-xl-v1-1","2024-02-01",16,18310.94
"farmbot-genesis-v1-2","2024-02-01",0,0
"farmbot-genesis-v1-3","2024-02-01",0,0
"farmbot-genesis-v1-4","2024-02-01",0,0
"farmbot-genesis-v1-5","2024-02-01",0,0
"farmbot-genesis-v1-6","2024-02-01",0,0
"farmbot-genesis-v1-7","2024-02-01",19,55373.35
"farmbot-genesis-v1-8","2024-02-01",0,0
"farmbot-genesis-xl-v1-4","2024-02-01",0,0
"farmbot-genesis-xl-v1-5","2024-02-01",0,0
"farmbot-genesis-xl-v1-6","2024-02-01",0,0
"farmbot-genesis-xl-v1-7","2024-02-01",3,12865.17
"farmbot-genesis-xl-v1-8","2024-02-01",0,0
,"2024-02-01",0,0
"farmbot-express-v1-0","2024-03-01",0,0
"farmbot-express-v1-1","2024-03-01",0,0
"farmbot-express-xl-v1-0","2024-03-01",0,0
"farmbot-express-xl-v1-1","2024-03-01",14,19441.14
"farmbot-genesis-v1-2","2024-03-01",0,0
"farmbot-genesis-v1-3","2024-03-01",0,0
"farmbot-genesis-v1-4","2024-03-01",0,0
"farmbot-genesis-v1-5","2024-03-01",0,0
"farmbot-genesis-v1-6","2024-03-01",0,0
"farmbot-genesis-v1-7","2024-03-01",8,23452.63
"farmbot-genesis-v1-8","2024-03-01",0,0
"farmbot-genesis-xl-v1-4","2024-03-01",0,0
"farmbot-genesis-xl-v1-5","2024-03-01",0,0
"farmbot-genesis-xl-v1-6","2024-03-01",0,0
"farmbot-genesis-xl-v1-7","2024-03-01",4,17530.5
"farmbot-genesis-xl-v1-8","2024-03-01",0,0
,"2024-03-01",0,0
"farmbot-express-v1-0","2024-04-01",0,0
"farmbot-express-v1-1","2024-04-01",1,836.5
"farmbot-express-xl-v1-0","2024-04-01",0,0
"farmbot-express-xl-v1-1","2024-04-01",16,21042.72
"farmbot-genesis-v1-2","2024-04-01",0,0
"farmbot-genesis-v1-3","2024-04-01",0,0
"farmbot-genesis-v1-4","2024-04-01",0,0
"farmbot-genesis-v1-5","2024-04-01",0,0
"farmbot-genesis-v1-6","2024-04-01",0,0
"farmbot-genesis-v1-7","2024-04-01",14,40614.48
"farmbot-genesis-v1-8","2024-04-01",0,0
"farmbot-genesis-xl-v1-4","2024-04-01",0,0
"farmbot-genesis-xl-v1-5","2024-04-01",0,0
"farmbot-genesis-xl-v1-6","2024-04-01",0,0
"farmbot-genesis-xl-v1-7","2024-04-01",11,44951.1
"farmbot-genesis-xl-v1-8","2024-04-01",0,0
,"2024-04-01",0,0
"farmbot-express-v1-0","2024-05-01",0,0
"farmbot-express-v1-1","2024-05-01",0,0
"farmbot-express-xl-v1-0","2024-05-01",0,0
"farmbot-express-xl-v1-1","2024-05-01",2,2990
"farmbot-genesis-v1-2","2024-05-01",0,0
"farmbot-genesis-v1-3","2024-05-01",0,0
"farmbot-genesis-v1-4","2024-05-01",0,0
"farmbot-genesis-v1-5","2024-05-01",0,0
"farmbot-genesis-v1-6","2024-05-01",0,0
"farmbot-genesis-v1-7","2024-05-01",15,43763.32
"farmbot-genesis-v1-8","2024-05-01",0,0
"farmbot-genesis-xl-v1-4","2024-05-01",0,0
"farmbot-genesis-xl-v1-5","2024-05-01",0,0
"farmbot-genesis-xl-v1-6","2024-05-01",0,0
"farmbot-genesis-xl-v1-7","2024-05-01",10,42318.67
"farmbot-genesis-xl-v1-8","2024-05-01",0,0
,"2024-05-01",0,0
"farmbot-express-v1-0","2024-06-01",0,0
"farmbot-express-v1-1","2024-06-01",0,0
"farmbot-express-xl-v1-0","2024-06-01",0,0
"farmbot-express-xl-v1-1","2024-06-01",0,0
"farmbot-genesis-v1-2","2024-06-01",0,0
"farmbot-genesis-v1-3","2024-06-01",0,0
"farmbot-genesis-v1-4","2024-06-01",0,0
"farmbot-genesis-v1-5","2024-06-01",0,0
"farmbot-genesis-v1-6","2024-06-01",0,0
"farmbot-genesis-v1-7","2024-06-01",10,28543.12
"farmbot-genesis-v1-8","2024-06-01",0,0
"farmbot-genesis-xl-v1-4","2024-06-01",0,0
"farmbot-genesis-xl-v1-5","2024-06-01",0,0
"farmbot-genesis-xl-v1-6","2024-06-01",0,0
"farmbot-genesis-xl-v1-7","2024-06-01",7,30914.49
"farmbot-genesis-xl-v1-8","2024-06-01",0,0
,"2024-06-01",0,0
"farmbot-express-v1-0","2024-07-01",0,0
"farmbot-express-v1-1","2024-07-01",0,0
"farmbot-express-xl-v1-0","2024-07-01",0,0
"farmbot-express-xl-v1-1","2024-07-01",0,0
"farmbot-genesis-v1-2","2024-07-01",0,0
"farmbot-genesis-v1-3","2024-07-01",0,0
"farmbot-genesis-v1-4","2024-07-01",0,0
"farmbot-genesis-v1-5","2024-07-01",0,0
"farmbot-genesis-v1-6","2024-07-01",0,0
"farmbot-genesis-v1-7","2024-07-01",18,43360.57
"farmbot-genesis-v1-8","2024-07-01",0,0
"farmbot-genesis-xl-v1-4","2024-07-01",0,0
"farmbot-genesis-xl-v1-5","2024-07-01",0,0
"farmbot-genesis-xl-v1-6","2024-07-01",0,0
"farmbot-genesis-xl-v1-7","2024-07-01",1,3595
"farmbot-genesis-xl-v1-8","2024-07-01",0,0
,"2024-07-01",0,0
"farmbot-express-v1-0","2024-08-01",0,0
"farmbot-express-v1-1","2024-08-01",0,0
"farmbot-express-xl-v1-0","2024-08-01",0,0
"farmbot-express-xl-v1-1","2024-08-01",0,0
"farmbot-genesis-v1-2","2024-08-01",0,0
"farmbot-genesis-v1-3","2024-08-01",0,0
"farmbot-genesis-v1-4","2024-08-01",0,0
"farmbot-genesis-v1-5","2024-08-01",0,0
"farmbot-genesis-v1-6","2024-08-01",0,0
"farmbot-genesis-v1-7","2024-08-01",19,52390.13
"farmbot-genesis-v1-8","2024-08-01",0,0
"farmbot-genesis-xl-v1-4","2024-08-01",0,0
"farmbot-genesis-xl-v1-5","2024-08-01",0,0
"farmbot-genesis-xl-v1-6","2024-08-01",0,0
"farmbot-genesis-xl-v1-7","2024-08-01",3,8654.78
"farmbot-genesis-xl-v1-8","2024-08-01",0,0
,"2024-08-01",0,0
"farmbot-express-v1-0","2024-09-01",0,0
"farmbot-express-v1-1","2024-09-01",0,0
"farmbot-express-xl-v1-0","2024-09-01",0,0
"farmbot-express-xl-v1-1","2024-09-01",0,0
"farmbot-genesis-v1-2","2024-09-01",0,0
"farmbot-genesis-v1-3","2024-09-01",0,0
"farmbot-genesis-v1-4","2024-09-01",0,0
"farmbot-genesis-v1-5","2024-09-01",0,0
"farmbot-genesis-v1-6","2024-09-01",0,0
"farmbot-genesis-v1-7","2024-09-01",18,46257.56
"farmbot-genesis-v1-8","2024-09-01",0,0
"farmbot-genesis-xl-v1-4","2024-09-01",0,0
"farmbot-genesis-xl-v1-5","2024-09-01",0,0
"farmbot-genesis-xl-v1-6","2024-09-01",0,0
"farmbot-genesis-xl-v1-7","2024-09-01",7,30431.8
"farmbot-genesis-xl-v1-8","2024-09-01",0,0
,"2024-09-01",0,0
"farmbot-express-v1-0","2024-10-01",0,0
"farmbot-express-v1-1","2024-10-01",0,0
"farmbot-express-xl-v1-0","2024-10-01",0,0
"farmbot-express-xl-v1-1","2024-10-01",0,0
"farmbot-genesis-v1-2","2024-10-01",0,0
"farmbot-genesis-v1-3","2024-10-01",0,0
"farmbot-genesis-v1-4","2024-10-01",0,0
"farmbot-genesis-v1-5","2024-10-01",0,0
"farmbot-genesis-v1-6","2024-10-01",0,0
"farmbot-genesis-v1-7","2024-10-01",7,20965
"farmbot-genesis-v1-8","2024-10-01",0,0
"farmbot-genesis-xl-v1-4","2024-10-01",0,0
"farmbot-genesis-xl-v1-5","2024-10-01",0,0
"farmbot-genesis-xl-v1-6","2024-10-01",0,0
"farmbot-genesis-xl-v1-7","2024-10-01",2,8410.21
"farmbot-genesis-xl-v1-8","2024-10-01",0,0
,"2024-10-01",0,0
"farmbot-express-v1-0","2024-11-01",0,0
"farmbot-express-v1-1","2024-11-01",0,0
"farmbot-express-xl-v1-0","2024-11-01",0,0
"farmbot-express-xl-v1-1","2024-11-01",0,0
"farmbot-genesis-v1-2","2024-11-01",0,0
"farmbot-genesis-v1-3","2024-11-01",0,0
"farmbot-genesis-v1-4","2024-11-01",0,0
"farmbot-genesis-v1-5","2024-11-01",0,0
"farmbot-genesis-v1-6","2024-11-01",0,0
"farmbot-genesis-v1-7","2024-11-01",12,34240.5
"farmbot-genesis-v1-8","2024-11-01",5,12192.1
"farmbot-genesis-xl-v1-4","2024-11-01",0,0
"farmbot-genesis-xl-v1-5","2024-11-01",0,0
"farmbot-genesis-xl-v1-6","2024-11-01",0,0
"farmbot-genesis-xl-v1-7","2024-11-01",2,8090
"farmbot-genesis-xl-v1-8","2024-11-01",3,10310.25
,"2024-11-01",0,0
"farmbot-express-v1-0","2024-12-01",0,0
"farmbot-express-v1-1","2024-12-01",0,0
"farmbot-express-xl-v1-0","2024-12-01",0,0
"farmbot-express-xl-v1-1","2024-12-01",0,0
"farmbot-genesis-v1-2","2024-12-01",0,0
"farmbot-genesis-v1-3","2024-12-01",0,0
"farmbot-genesis-v1-4","2024-12-01",0,0
"farmbot-genesis-v1-5","2024-12-01",0,0
"farmbot-genesis-v1-6","2024-12-01",0,0
"farmbot-genesis-v1-7","2024-12-01",4,10480
"farmbot-genesis-v1-8","2024-12-01",6,15307.64
"farmbot-genesis-xl-v1-4","2024-12-01",0,0
"farmbot-genesis-xl-v1-5","2024-12-01",0,0
"farmbot-genesis-xl-v1-6","2024-12-01",0,0
"farmbot-genesis-xl-v1-7","2024-12-01",5,19578.07
"farmbot-genesis-xl-v1-8","2024-12-01",2,6465.75
,"2024-12-01",0,0
"farmbot-express-v1-0","2025-01-01",0,0
"farmbot-express-v1-1","2025-01-01",0,0
"farmbot-express-xl-v1-0","2025-01-01",0,0
"farmbot-express-xl-v1-1","2025-01-01",0,0
"farmbot-genesis-v1-2","2025-01-01",0,0
"farmbot-genesis-v1-3","2025-01-01",0,0
"farmbot-genesis-v1-4","2025-01-01",0,0
"farmbot-genesis-v1-5","2025-01-01",0,0
"farmbot-genesis-v1-6","2025-01-01",0,0
"farmbot-genesis-v1-7","2025-01-01",16,39671.5
"farmbot-genesis-v1-8","2025-01-01",0,0
"farmbot-genesis-xl-v1-4","2025-01-01",0,0
"farmbot-genesis-xl-v1-5","2025-01-01",0,0
"farmbot-genesis-xl-v1-6","2025-01-01",0,0
"farmbot-genesis-xl-v1-7","2025-01-01",5,16636
"farmbot-genesis-xl-v1-8","2025-01-01",0,900
,"2025-01-01",0,0
"farmbot-express-v1-0","2025-02-01",0,0
"farmbot-express-v1-1","2025-02-01",0,0
"farmbot-express-xl-v1-0","2025-02-01",0,0
"farmbot-express-xl-v1-1","2025-02-01",0,0
"farmbot-genesis-v1-2","2025-02-01",0,0
"farmbot-genesis-v1-3","2025-02-01",0,0
"farmbot-genesis-v1-4","2025-02-01",0,0
"farmbot-genesis-v1-5","2025-02-01",0,0
"farmbot-genesis-v1-6","2025-02-01",0,0
"farmbot-genesis-v1-7","2025-02-01",4,8765.24
"farmbot-genesis-v1-8","2025-02-01",8,21910.45
"farmbot-genesis-xl-v1-4","2025-02-01",0,0
"farmbot-genesis-xl-v1-5","2025-02-01",0,0
"farmbot-genesis-xl-v1-6","2025-02-01",0,0
"farmbot-genesis-xl-v1-7","2025-02-01",10,33750
"farmbot-genesis-xl-v1-8","2025-02-01",3,12306
,"2025-02-01",0,0
"farmbot-express-v1-0","2025-03-01",0,0
"farmbot-express-v1-1","2025-03-01",0,0
"farmbot-express-xl-v1-0","2025-03-01",0,0
"farmbot-express-xl-v1-1","2025-03-01",0,0
"farmbot-genesis-v1-2","2025-03-01",0,0
"farmbot-genesis-v1-3","2025-03-01",0,0
"farmbot-genesis-v1-4","2025-03-01",0,0
"farmbot-genesis-v1-5","2025-03-01",0,0
"farmbot-genesis-v1-6","2025-03-01",0,0
"farmbot-genesis-v1-7","2025-03-01",0,0
"farmbot-genesis-v1-8","2025-03-01",14,36894
"farmbot-genesis-xl-v1-4","2025-03-01",0,0
"farmbot-genesis-xl-v1-5","2025-03-01",0,0
"farmbot-genesis-xl-v1-6","2025-03-01",0,0
"farmbot-genesis-xl-v1-7","2025-03-01",5,17092.24
"farmbot-genesis-xl-v1-8","2025-03-01",7,30325.5
,"2025-03-01",0,0
"farmbot-express-v1-0","2025-04-01",0,0
"farmbot-express-v1-1","2025-04-01",0,0
"farmbot-express-xl-v1-0","2025-04-01",0,0
"farmbot-express-xl-v1-1","2025-04-01",0,0
"farmbot-genesis-v1-2","2025-04-01",0,0
"farmbot-genesis-v1-3","2025-04-01",0,0
"farmbot-genesis-v1-4","2025-04-01",0,0
"farmbot-genesis-v1-5","2025-04-01",0,0
"farmbot-genesis-v1-6","2025-04-01",0,0
"farmbot-genesis-v1-7","2025-04-01",0,0
"farmbot-genesis-v1-8","2025-04-01",5,15076.25
"farmbot-genesis-xl-v1-4","2025-04-01",0,0
"farmbot-genesis-xl-v1-5","2025-04-01",0,0
"farmbot-genesis-xl-v1-6","2025-04-01",0,0
"farmbot-genesis-xl-v1-7","2025-04-01",8,29360
"farmbot-genesis-xl-v1-8","2025-04-01",2,9590
,"2025-04-01",0,0
"farmbot-express-v1-0","2025-05-01",0,0
"farmbot-express-v1-1","2025-05-01",0,0
"farmbot-express-xl-v1-0","2025-05-01",0,0
"farmbot-express-xl-v1-1","2025-05-01",0,0
"farmbot-genesis-v1-2","2025-05-01",0,0
"farmbot-genesis-v1-3","2025-05-01",0,0
"farmbot-genesis-v1-4","2025-05-01",0,0
"farmbot-genesis-v1-5","2025-05-01",0,0
"farmbot-genesis-v1-6","2025-05-01",0,0
"farmbot-genesis-v1-7","2025-05-01",0,0
"farmbot-genesis-v1-8","2025-05-01",7,22965.5
"farmbot-genesis-xl-v1-4","2025-05-01",0,0
"farmbot-genesis-xl-v1-5","2025-05-01",0,0
"farmbot-genesis-xl-v1-6","2025-05-01",0,0
"farmbot-genesis-xl-v1-7","2025-05-01",2,7990
"farmbot-genesis-xl-v1-8","2025-05-01",4,17980.5
,"2025-05-01",0,0
"farmbot-express-v1-0","2025-06-01",0,0
"farmbot-express-v1-1","2025-06-01",0,0
"farmbot-express-xl-v1-0","2025-06-01",0,0
"farmbot-express-xl-v1-1","2025-06-01",0,0
"farmbot-genesis-v1-2","2025-06-01",0,0
"farmbot-genesis-v1-3","2025-06-01",0,0
"farmbot-genesis-v1-4","2025-06-01",0,0
"farmbot-genesis-v1-5","2025-06-01",0,0
"farmbot-genesis-v1-6","2025-06-01",0,0
"farmbot-genesis-v1-7","2025-06-01",0,0
"farmbot-genesis-v1-8","2025-06-01",12,41096.25
"farmbot-genesis-xl-v1-4","2025-06-01",0,0
"farmbot-genesis-xl-v1-5","2025-06-01",0,0
"farmbot-genesis-xl-v1-6","2025-06-01",0,0
"farmbot-genesis-xl-v1-7","2025-06-01",1,3695
"farmbot-genesis-xl-v1-8","2025-06-01",4,15806.62
,"2025-06-01",0,0
"farmbot-express-v1-0","2025-07-01",0,0
"farmbot-express-v1-1","2025-07-01",0,0
"farmbot-express-xl-v1-0","2025-07-01",0,0
"farmbot-express-xl-v1-1","2025-07-01",0,0
"farmbot-genesis-v1-2","2025-07-01",0,0
"farmbot-genesis-v1-3","2025-07-01",0,0
"farmbot-genesis-v1-4","2025-07-01",0,0
"farmbot-genesis-v1-5","2025-07-01",0,0
"farmbot-genesis-v1-6","2025-07-01",0,0
"farmbot-genesis-v1-7","2025-07-01",0,0
"farmbot-genesis-v1-8","2025-07-01",27,94414.12
"farmbot-genesis-xl-v1-4","2025-07-01",0,0
"farmbot-genesis-xl-v1-5","2025-07-01",0,0
"farmbot-genesis-xl-v1-6","2025-07-01",0,0
"farmbot-genesis-xl-v1-7","2025-07-01",0,0
"farmbot-genesis-xl-v1-8","2025-07-01",1,4995
,"2025-07-01",0,0
"farmbot-express-v1-0","2025-08-01",0,0
"farmbot-express-v1-1","2025-08-01",0,0
"farmbot-express-xl-v1-0","2025-08-01",0,0
"farmbot-express-xl-v1-1","2025-08-01",0,0
"farmbot-genesis-v1-2","2025-08-01",0,0
"farmbot-genesis-v1-3","2025-08-01",0,0
"farmbot-genesis-v1-4","2025-08-01",0,0
"farmbot-genesis-v1-5","2025-08-01",0,0
"farmbot-genesis-v1-6","2025-08-01",0,0
"farmbot-genesis-v1-7","2025-08-01",0,0
"farmbot-genesis-v1-8","2025-08-01",9,35634.96
"farmbot-genesis-xl-v1-4","2025-08-01",0,0
"farmbot-genesis-xl-v1-5","2025-08-01",0,0
"farmbot-genesis-xl-v1-6","2025-08-01",0,0
"farmbot-genesis-xl-v1-7","2025-08-01",0,0
"farmbot-genesis-xl-v1-8","2025-08-01",4,19097.82
,"2025-08-01",0,0
"farmbot-express-v1-0","2025-09-01",0,0
"farmbot-express-v1-1","2025-09-01",0,0
"farmbot-express-xl-v1-0","2025-09-01",0,0
"farmbot-express-xl-v1-1","2025-09-01",0,0
"farmbot-genesis-v1-2","2025-09-01",0,0
"farmbot-genesis-v1-3","2025-09-01",0,0
"farmbot-genesis-v1-4","2025-09-01",0,0
"farmbot-genesis-v1-5","2025-09-01",0,0
"farmbot-genesis-v1-6","2025-09-01",0,0
"farmbot-genesis-v1-7","2025-09-01",0,0
"farmbot-genesis-v1-8","2025-09-01",5,19575.5
"farmbot-genesis-xl-v1-4","2025-09-01",0,0
"farmbot-genesis-xl-v1-5","2025-09-01",0,0
"farmbot-genesis-xl-v1-6","2025-09-01",0,0
"farmbot-genesis-xl-v1-7","2025-09-01",0,0
"farmbot-genesis-xl-v1-8","2025-09-01",7,35533.37
,"2025-09-01",0,0
"farmbot-express-v1-0","2025-10-01",0,0
"farmbot-express-v1-1","2025-10-01",0,0
"farmbot-express-xl-v1-0","2025-10-01",0,0
"farmbot-express-xl-v1-1","2025-10-01",0,0
"farmbot-genesis-v1-2","2025-10-01",0,0
"farmbot-genesis-v1-3","2025-10-01",0,0
"farmbot-genesis-v1-4","2025-10-01",0,0
"farmbot-genesis-v1-5","2025-10-01",0,0
"farmbot-genesis-v1-6","2025-10-01",0,0
"farmbot-genesis-v1-7","2025-10-01",0,0
"farmbot-genesis-v1-8","2025-10-01",6,23345.78
"farmbot-genesis-xl-v1-4","2025-10-01",0,0
"farmbot-genesis-xl-v1-5","2025-10-01",0,0
"farmbot-genesis-xl-v1-6","2025-10-01",0,0
"farmbot-genesis-xl-v1-7","2025-10-01",0,0
"farmbot-genesis-xl-v1-8","2025-10-01",1,5495
,"2025-10-01",0,0
"farmbot-express-v1-0","2025-11-01",0,0
"farmbot-express-v1-1","2025-11-01",0,0
"farmbot-express-xl-v1-0","2025-11-01",0,0
"farmbot-express-xl-v1-1","2025-11-01",0,0
"farmbot-genesis-v1-2","2025-11-01",0,0
"farmbot-genesis-v1-3","2025-11-01",0,0
"farmbot-genesis-v1-4","2025-11-01",0,0
"farmbot-genesis-v1-5","2025-11-01",0,0
"farmbot-genesis-v1-6","2025-11-01",0,0
"farmbot-genesis-v1-7","2025-11-01",0,0
"farmbot-genesis-v1-8","2025-11-01",16,66625.34
"farmbot-genesis-xl-v1-4","2025-11-01",0,0
"farmbot-genesis-xl-v1-5","2025-11-01",0,0
"farmbot-genesis-xl-v1-6","2025-11-01",0,0
"farmbot-genesis-xl-v1-7","2025-11-01",0,0
"farmbot-genesis-xl-v1-8","2025-11-01",3,11496.71
,"2025-11-01",0,0
"farmbot-express-v1-0","2025-12-01",0,0
"farmbot-express-v1-1","2025-12-01",0,0
"farmbot-express-xl-v1-0","2025-12-01",0,0
"farmbot-express-xl-v1-1","2025-12-01",0,0
"farmbot-genesis-v1-2","2025-12-01",0,0
"farmbot-genesis-v1-3","2025-12-01",0,0
"farmbot-genesis-v1-4","2025-12-01",0,0
"farmbot-genesis-v1-5","2025-12-01",0,0
"farmbot-genesis-v1-6","2025-12-01",0,0
"farmbot-genesis-v1-7","2025-12-01",0,0
"farmbot-genesis-v1-8","2025-12-01",14,67134.73
"farmbot-genesis-xl-v1-4","2025-12-01",0,0
"farmbot-genesis-xl-v1-5","2025-12-01",0,0
"farmbot-genesis-xl-v1-6","2025-12-01",0,0
"farmbot-genesis-xl-v1-7","2025-12-01",0,0
"farmbot-genesis-xl-v1-8","2025-12-01",5,27877.38
,"2025-12-01",0,0
